Date_Time (LST/LDT), Event, Speed (knots)
2024-01-01 12:48 AM, slack,-
2024-01-01 03:18 AM, flood,4.0
2024-01-01 06:42 AM, slack,-
2024-01-01 09:30 AM, ebb,-5.3
2024-01-01 01:42 PM, slack,-
2024-01-01 03:48 PM, flood,2.9
2024-01-01 07:12 PM, slack,-
2024-01-01 09:42 PM, ebb,-3.9
2024-01-02 01:42 AM, slack,-
2024-01-02 04:00 AM, flood,3.5
2024-01-02 07:24 AM, slack,-
2024-01-02 10:12 AM, ebb,-5.1
2024-01-02 02:24 PM, slack,-
2024-01-02 04:36 PM, flood,2.8
2024-01-02 08:06 PM, slack,-
2024-01-02 10:36 PM, ebb,-3.5
2024-01-03 02:42 AM, slack,-
2024-01-03 05:00 AM, flood,3.2
2024-01-03 08:12 AM, slack,-
2024-01-03 11:00 AM, ebb,-4.9
2024-01-03 03:18 PM, slack,-
2024-01-03 05:30 PM, flood,2.7
2024-01-03 09:06 PM, slack,-
2024-01-03 11:54 PM, ebb,-3.3
2024-01-04 03:42 AM, slack,-
2024-01-04 06:00 AM, flood,3.1
2024-01-04 09:06 AM, slack,-
2024-01-04 11:54 AM, ebb,-4.9
2024-01-04 04:12 PM, slack,-
2024-01-04 06:30 PM, flood,2.7
2024-01-04 10:18 PM, slack,-
2024-01-05 01:30 AM, ebb,-3.5
2024-01-05 04:48 AM, slack,-
2024-01-05 07:06 AM, flood,3.3
2024-01-05 10:06 AM, slack,-
2024-01-05 12:54 PM, ebb,-5.4
2024-01-05 05:06 PM, slack,-
2024-01-05 07:36 PM, flood,3.1
2024-01-05 11:24 PM, slack,-
2024-01-06 02:54 AM, ebb,-3.9
2024-01-06 05:42 AM, slack,-
2024-01-06 08:00 AM, flood,3.4
2024-01-06 11:00 AM, slack,-
2024-01-06 01:42 PM, ebb,-6.1
2024-01-06 05:54 PM, slack,-
2024-01-06 09:24 PM, flood,3.9
2024-01-07 12:24 AM, slack,-
2024-01-07 03:54 AM, ebb,-4.3
2024-01-07 06:36 AM, slack,-
2024-01-07 09:00 AM, flood,3.5
2024-01-07 11:42 AM, slack,-
2024-01-07 02:36 PM, ebb,-6.8
2024-01-07 06:36 PM, slack,-
2024-01-07 10:06 PM, flood,4.9
2024-01-08 01:18 AM, slack,-
2024-01-08 04:42 AM, ebb,-4.7
2024-01-08 07:30 AM, slack,-
2024-01-08 09:48 AM, flood,3.5
2024-01-08 12:24 PM, slack,-
2024-01-08 03:24 PM, ebb,-7.5
2024-01-08 07:18 PM, slack,-
2024-01-08 10:36 PM, flood,5.9
2024-01-09 02:06 AM, slack,-
2024-01-09 05:18 AM, ebb,-5.0
2024-01-09 08:24 AM, slack,-
2024-01-09 10:36 AM, flood,3.5
2024-01-09 01:00 PM, slack,-
2024-01-09 04:06 PM, ebb,-8.0
2024-01-09 07:54 PM, slack,-
2024-01-09 11:06 PM, flood,6.6
2024-01-10 02:48 AM, slack,-
2024-01-10 05:54 AM, ebb,-5.3
2024-01-10 09:12 AM, slack,-
2024-01-10 11:18 AM, flood,3.3
2024-01-10 01:48 PM, slack,-
2024-01-10 04:54 PM, ebb,-8.1
2024-01-10 08:36 PM, slack,-
2024-01-10 11:36 PM, flood,7.1
2024-01-11 03:30 AM, slack,-
2024-01-11 06:24 AM, ebb,-5.6
2024-01-11 10:00 AM, slack,-
2024-01-11 12:00 PM, flood,3.3
2024-01-11 02:36 PM, slack,-
2024-01-11 05:36 PM, ebb,-7.9
2024-01-11 09:18 PM, slack,-
2024-01-12 12:18 AM, flood,7.2
2024-01-12 04:06 AM, slack,-
2024-01-12 07:00 AM, ebb,-6.1
2024-01-12 10:48 AM, slack,-
2024-01-12 12:54 PM, flood,3.4
2024-01-12 03:30 PM, slack,-
2024-01-12 06:30 PM, ebb,-7.5
2024-01-12 10:06 PM, slack,-
2024-01-13 01:06 AM, flood,7.1
2024-01-13 04:48 AM, slack,-
2024-01-13 07:36 AM, ebb,-6.5
2024-01-13 11:30 AM, slack,-
2024-01-13 01:42 PM, flood,3.7
2024-01-13 04:30 PM, slack,-
2024-01-13 07:24 PM, ebb,-7.0
2024-01-13 10:54 PM, slack,-
2024-01-14 01:48 AM, flood,6.7
2024-01-14 05:24 AM, slack,-
2024-01-14 08:18 AM, ebb,-6.8
2024-01-14 12:12 PM, slack,-
2024-01-14 02:36 PM, flood,3.9
2024-01-14 05:30 PM, slack,-
2024-01-14 08:18 PM, ebb,-6.5
2024-01-14 11:48 PM, slack,-
2024-01-15 02:42 AM, flood,6.2
2024-01-15 06:12 AM, slack,-
2024-01-15 09:00 AM, ebb,-6.8
2024-01-15 01:00 PM, slack,-
2024-01-15 03:24 PM, flood,3.9
2024-01-15 06:30 PM, slack,-
2024-01-15 09:12 PM, ebb,-5.9
2024-01-16 12:48 AM, slack,-
2024-01-16 03:30 AM, flood,5.6
2024-01-16 07:00 AM, slack,-
2024-01-16 09:42 AM, ebb,-6.6
2024-01-16 01:54 PM, slack,-
2024-01-16 04:18 PM, flood,3.6
2024-01-16 07:36 PM, slack,-
2024-01-16 10:12 PM, ebb,-5.2
2024-01-17 01:54 AM, slack,-
2024-01-17 04:30 AM, flood,5.0
2024-01-17 07:54 AM, slack,-
2024-01-17 10:42 AM, ebb,-6.1
2024-01-17 02:54 PM, slack,-
2024-01-17 05:54 PM, flood,3.3
2024-01-17 08:48 PM, slack,-
2024-01-17 11:42 PM, ebb,-4.6
2024-01-18 03:00 AM, slack,-
2024-01-18 05:42 AM, flood,4.6
2024-01-18 08:54 AM, slack,-
2024-01-18 11:54 AM, ebb,-5.9
2024-01-18 04:06 PM, slack,-
2024-01-18 07:42 PM, flood,3.5
2024-01-18 10:00 PM, slack,-
2024-01-19 01:24 AM, ebb,-4.6
2024-01-19 04:12 AM, slack,-
2024-01-19 06:54 AM, flood,4.4
2024-01-19 10:00 AM, slack,-
2024-01-19 01:12 PM, ebb,-6.0
2024-01-19 05:12 PM, slack,-
2024-01-19 09:00 PM, flood,4.3
2024-01-19 11:18 PM, slack,-
2024-01-20 02:42 AM, ebb,-4.9
2024-01-20 05:18 AM, slack,-
2024-01-20 08:12 AM, flood,4.3
2024-01-20 10:54 AM, slack,-
2024-01-20 02:24 PM, ebb,-6.4
2024-01-20 06:12 PM, slack,-
2024-01-20 09:54 PM, flood,5.2
2024-01-21 12:24 AM, slack,-
2024-01-21 03:42 AM, ebb,-5.4
2024-01-21 06:18 AM, slack,-
2024-01-21 09:24 AM, flood,4.4
2024-01-21 11:48 AM, slack,-
2024-01-21 03:24 PM, ebb,-6.8
2024-01-21 07:00 PM, slack,-
2024-01-21 10:48 PM, flood,6.0
2024-01-22 01:18 AM, slack,-
2024-01-22 04:36 AM, ebb,-5.8
2024-01-22 07:18 AM, slack,-
2024-01-22 10:18 AM, flood,4.3
2024-01-22 12:36 PM, slack,-
2024-01-22 04:06 PM, ebb,-6.9
2024-01-22 07:42 PM, slack,-
2024-01-22 11:30 PM, flood,6.3
2024-01-23 02:06 AM, slack,-
2024-01-23 05:24 AM, ebb,-6.1
2024-01-23 08:12 AM, slack,-
2024-01-23 11:00 AM, flood,4.1
2024-01-23 01:24 PM, slack,-
2024-01-23 04:36 PM, ebb,-6.7
2024-01-23 08:18 PM, slack,-
2024-01-24 12:06 AM, flood,6.2
2024-01-24 02:48 AM, slack,-
2024-01-24 06:12 AM, ebb,-6.2
2024-01-24 09:06 AM, slack,-
2024-01-24 11:42 AM, flood,3.8
2024-01-24 02:06 PM, slack,-
2024-01-24 05:12 PM, ebb,-6.3
2024-01-24 08:54 PM, slack,-
2024-01-25 12:36 AM, flood,5.8
2024-01-25 03:24 AM, slack,-
2024-01-25 06:54 AM, ebb,-6.1
2024-01-25 09:48 AM, slack,-
2024-01-25 12:24 PM, flood,3.6
2024-01-25 02:54 PM, slack,-
2024-01-25 05:48 PM, ebb,-5.8
2024-01-25 09:30 PM, slack,-
2024-01-26 01:00 AM, flood,5.2
2024-01-26 03:54 AM, slack,-
2024-01-26 07:24 AM, ebb,-5.9
2024-01-26 10:30 AM, slack,-
2024-01-26 01:00 PM, flood,3.5
2024-01-26 03:42 PM, slack,-
2024-01-26 06:30 PM, ebb,-5.3
2024-01-26 10:12 PM, slack,-
2024-01-27 01:06 AM, flood,4.7
2024-01-27 04:24 AM, slack,-
2024-01-27 07:42 AM, ebb,-5.8
2024-01-27 11:06 AM, slack,-
2024-01-27 01:30 PM, flood,3.6
2024-01-27 04:30 PM, slack,-
2024-01-27 07:12 PM, ebb,-5.0
2024-01-27 10:54 PM, slack,-
2024-01-28 01:30 AM, flood,4.4
2024-01-28 04:54 AM, slack,-
2024-01-28 07:54 AM, ebb,-5.8
2024-01-28 11:36 AM, slack,-
2024-01-28 02:00 PM, flood,3.7
2024-01-28 05:12 PM, slack,-
2024-01-28 07:54 PM, ebb,-4.9
2024-01-28 11:36 PM, slack,-
2024-01-29 02:12 AM, flood,4.3
2024-01-29 05:24 AM, slack,-
2024-01-29 08:18 AM, ebb,-5.8
2024-01-29 12:12 PM, slack,-
2024-01-29 02:36 PM, flood,3.8
2024-01-29 06:00 PM, slack,-
2024-01-29 08:36 PM, ebb,-4.8
2024-01-30 12:24 AM, slack,-
2024-01-30 02:54 AM, flood,4.1
2024-01-30 06:06 AM, slack,-
2024-01-30 08:54 AM, ebb,-5.8
2024-01-30 12:48 PM, slack,-
2024-01-30 03:12 PM, flood,3.7
2024-01-30 06:42 PM, slack,-
2024-01-30 09:18 PM, ebb,-4.6
2024-01-31 01:18 AM, slack,-
2024-01-31 03:42 AM, flood,3.9
2024-01-31 06:48 AM, slack,-
2024-01-31 09:30 AM, ebb,-5.6
2024-01-31 01:36 PM, slack,-
2024-01-31 03:54 PM, flood,3.5
2024-01-31 07:30 PM, slack,-
2024-01-31 10:06 PM, ebb,-4.1
2024-02-01 02:12 AM, slack,-
2024-02-01 04:30 AM, flood,3.6
2024-02-01 07:36 AM, slack,-
2024-02-01 10:18 AM, ebb,-5.4
2024-02-01 02:24 PM, slack,-
2024-02-01 04:48 PM, flood,3.2
2024-02-01 08:30 PM, slack,-
2024-02-01 11:12 PM, ebb,-3.6
2024-02-02 03:12 AM, slack,-
2024-02-02 05:30 AM, flood,3.3
2024-02-02 08:24 AM, slack,-
2024-02-02 11:18 AM, ebb,-5.4
2024-02-02 03:24 PM, slack,-
2024-02-02 05:48 PM, flood,3.1
2024-02-02 09:48 PM, slack,-
2024-02-03 12:54 AM, ebb,-3.4
2024-02-03 04:18 AM, slack,-
2024-02-03 06:30 AM, flood,3.0
2024-02-03 09:18 AM, slack,-
2024-02-03 12:12 PM, ebb,-5.7
2024-02-03 04:24 PM, slack,-
2024-02-03 07:00 PM, flood,3.5
2024-02-03 11:00 PM, slack,-
2024-02-04 02:42 AM, ebb,-3.7
2024-02-04 05:24 AM, slack,-
2024-02-04 07:30 AM, flood,2.8
2024-02-04 10:12 AM, slack,-
2024-02-04 01:06 PM, ebb,-6.2
2024-02-04 05:12 PM, slack,-
2024-02-04 08:12 PM, flood,4.3
2024-02-05 12:00 AM, slack,-
2024-02-05 03:42 AM, ebb,-4.3
2024-02-05 06:24 AM, slack,-
2024-02-05 08:24 AM, flood,2.7
2024-02-05 11:00 AM, slack,-
2024-02-05 02:00 PM, ebb,-6.8
2024-02-05 06:00 PM, slack,-
2024-02-05 09:30 PM, flood,5.3
2024-02-06 12:54 AM, slack,-
2024-02-06 04:24 AM, ebb,-4.9
2024-02-06 07:18 AM, slack,-
2024-02-06 09:30 AM, flood,2.8
2024-02-06 11:54 AM, slack,-
2024-02-06 02:48 PM, ebb,-7.1
2024-02-06 06:42 PM, slack,-
2024-02-06 10:00 PM, flood,6.1
2024-02-07 01:36 AM, slack,-
2024-02-07 05:00 AM, ebb,-5.4
2024-02-07 08:06 AM, slack,-
2024-02-07 10:18 AM, flood,3.0
2024-02-07 12:42 PM, slack,-
2024-02-07 03:42 PM, ebb,-7.3
2024-02-07 07:24 PM, slack,-
2024-02-07 10:36 PM, flood,6.7
2024-02-08 02:18 AM, slack,-
2024-02-08 05:24 AM, ebb,-5.9
2024-02-08 08:54 AM, slack,-
2024-02-08 11:06 AM, flood,3.4
2024-02-08 01:36 PM, slack,-
2024-02-08 04:30 PM, ebb,-7.3
2024-02-08 08:12 PM, slack,-
2024-02-08 11:12 PM, flood,6.9
2024-02-09 02:54 AM, slack,-
2024-02-09 05:48 AM, ebb,-6.4
2024-02-09 09:36 AM, slack,-
2024-02-09 11:48 AM, flood,3.9
2024-02-09 02:36 PM, slack,-
2024-02-09 05:24 PM, ebb,-7.1
2024-02-09 09:00 PM, slack,-
2024-02-09 11:54 PM, flood,6.8
2024-02-10 03:30 AM, slack,-
2024-02-10 06:24 AM, ebb,-6.8
2024-02-10 10:12 AM, slack,-
2024-02-10 12:36 PM, flood,4.3
2024-02-10 03:36 PM, slack,-
2024-02-10 06:18 PM, ebb,-6.9
2024-02-10 09:54 PM, slack,-
2024-02-11 12:42 AM, flood,6.5
2024-02-11 04:12 AM, slack,-
2024-02-11 07:00 AM, ebb,-7.1
2024-02-11 10:54 AM, slack,-
2024-02-11 01:30 PM, flood,4.6
2024-02-11 04:30 PM, slack,-
2024-02-11 07:18 PM, ebb,-6.6
2024-02-11 10:48 PM, slack,-
2024-02-12 01:36 AM, flood,6.2
2024-02-12 04:54 AM, slack,-
2024-02-12 07:48 AM, ebb,-7.3
2024-02-12 11:42 AM, slack,-
2024-02-12 02:18 PM, flood,4.7
2024-02-12 05:24 PM, slack,-
2024-02-12 08:12 PM, ebb,-6.4
2024-02-12 11:42 PM, slack,-
2024-02-13 02:30 AM, flood,5.9
2024-02-13 05:42 AM, slack,-
2024-02-13 08:36 AM, ebb,-7.1
2024-02-13 12:30 PM, slack,-
2024-02-13 03:06 PM, flood,4.5
2024-02-13 06:24 PM, slack,-
2024-02-13 09:06 PM, ebb,-6.0
2024-02-14 12:42 AM, slack,-
2024-02-14 03:18 AM, flood,5.5
2024-02-14 06:36 AM, slack,-
2024-02-14 09:24 AM, ebb,-6.8
2024-02-14 01:30 PM, slack,-
2024-02-14 04:06 PM, flood,4.0
2024-02-14 07:24 PM, slack,-
2024-02-14 10:12 PM, ebb,-5.2
2024-02-15 01:42 AM, slack,-
2024-02-15 04:18 AM, flood,5.0
2024-02-15 07:30 AM, slack,-
2024-02-15 10:12 AM, ebb,-6.4
2024-02-15 02:30 PM, slack,-
2024-02-15 06:00 PM, flood,3.6
2024-02-15 08:30 PM, slack,-
2024-02-15 11:48 PM, ebb,-4.6
2024-02-16 02:48 AM, slack,-
2024-02-16 05:24 AM, flood,4.4
2024-02-16 08:24 AM, slack,-
2024-02-16 11:18 AM, ebb,-6.0
2024-02-16 03:36 PM, slack,-
2024-02-16 07:24 PM, flood,3.8
2024-02-16 09:48 PM, slack,-
2024-02-17 01:18 AM, ebb,-4.5
2024-02-17 03:54 AM, slack,-
2024-02-17 06:36 AM, flood,3.8
2024-02-17 09:24 AM, slack,-
2024-02-17 12:36 PM, ebb,-5.8
2024-02-17 04:42 PM, slack,-
2024-02-17 08:36 PM, flood,4.5
2024-02-17 11:06 PM, slack,-
2024-02-18 02:30 AM, ebb,-4.8
2024-02-18 05:06 AM, slack,-
2024-02-18 07:54 AM, flood,3.4
2024-02-18 10:24 AM, slack,-
2024-02-18 01:48 PM, ebb,-5.8
2024-02-18 05:36 PM, slack,-
2024-02-18 09:36 PM, flood,5.2
2024-02-19 12:06 AM, slack,-
2024-02-19 03:30 AM, ebb,-5.4
2024-02-19 06:12 AM, slack,-
2024-02-19 09:12 AM, flood,3.4
2024-02-19 11:18 AM, slack,-
2024-02-19 02:54 PM, ebb,-5.8
2024-02-19 06:24 PM, slack,-
2024-02-19 10:18 PM, flood,5.7
2024-02-20 12:54 AM, slack,-
2024-02-20 04:18 AM, ebb,-5.9
2024-02-20 07:12 AM, slack,-
2024-02-20 10:12 AM, flood,3.5
2024-02-20 12:12 PM, slack,-
2024-02-20 03:42 PM, ebb,-5.8
2024-02-20 07:06 PM, slack,-
2024-02-20 11:00 PM, flood,5.8
2024-02-21 01:36 AM, slack,-
2024-02-21 05:06 AM, ebb,-6.2
2024-02-21 08:00 AM, slack,-
2024-02-21 10:54 AM, flood,3.7
2024-02-21 01:06 PM, slack,-
2024-02-21 04:24 PM, ebb,-5.5
2024-02-21 07:48 PM, slack,-
2024-02-21 11:30 PM, flood,5.4
2024-02-22 02:06 AM, slack,-
2024-02-22 05:42 AM, ebb,-6.3
2024-02-22 08:42 AM, slack,-
2024-02-22 11:30 AM, flood,3.8
2024-02-22 01:54 PM, slack,-
2024-02-22 05:00 PM, ebb,-5.3
2024-02-22 08:24 PM, slack,-
2024-02-22 11:54 PM, flood,4.9
2024-02-23 02:36 AM, slack,-
2024-02-23 06:06 AM, ebb,-6.1
2024-02-23 09:18 AM, slack,-
2024-02-23 12:06 PM, flood,4.0
2024-02-23 02:42 PM, slack,-
2024-02-23 05:30 PM, ebb,-5.1
2024-02-23 09:06 PM, slack,-
2024-02-24 12:00 AM, flood,4.5
2024-02-24 03:06 AM, slack,-
2024-02-24 06:18 AM, ebb,-6.0
2024-02-24 09:48 AM, slack,-
2024-02-24 12:24 PM, flood,4.1
2024-02-24 03:30 PM, slack,-
2024-02-24 06:12 PM, ebb,-5.0
2024-02-24 09:54 PM, slack,-
2024-02-25 12:24 AM, flood,4.3
2024-02-25 03:36 AM, slack,-
2024-02-25 06:30 AM, ebb,-6.0
2024-02-25 10:18 AM, slack,-
2024-02-25 12:48 PM, flood,4.3
2024-02-25 04:12 PM, slack,-
2024-02-25 06:54 PM, ebb,-5.1
2024-02-25 10:36 PM, slack,-
2024-02-26 01:00 AM, flood,4.3
2024-02-26 04:12 AM, slack,-
2024-02-26 07:00 AM, ebb,-6.1
2024-02-26 10:54 AM, slack,-
2024-02-26 01:24 PM, flood,4.4
2024-02-26 04:48 PM, slack,-
2024-02-26 07:36 PM, ebb,-5.2
2024-02-26 11:18 PM, slack,-
2024-02-27 01:48 AM, flood,4.3
2024-02-27 04:54 AM, slack,-
2024-02-27 07:36 AM, ebb,-6.2
2024-02-27 11:30 AM, slack,-
2024-02-27 02:00 PM, flood,4.4
2024-02-27 05:30 PM, slack,-
2024-02-27 08:18 PM, ebb,-5.2
2024-02-28 12:06 AM, slack,-
2024-02-28 02:30 AM, flood,4.4
2024-02-28 05:30 AM, slack,-
2024-02-28 08:18 AM, ebb,-6.3
2024-02-28 12:06 PM, slack,-
2024-02-28 02:42 PM, flood,4.4
2024-02-28 06:12 PM, slack,-
2024-02-28 09:00 PM, ebb,-5.0
2024-02-29 12:54 AM, slack,-
2024-02-29 03:18 AM, flood,4.2
2024-02-29 06:12 AM, slack,-
2024-02-29 09:00 AM, ebb,-6.3
2024-02-29 12:54 PM, slack,-
2024-02-29 03:24 PM, flood,4.2
2024-02-29 07:06 PM, slack,-
2024-02-29 09:48 PM, ebb,-4.4
2024-03-01 01:48 AM, slack,-
2024-03-01 04:00 AM, flood,3.7
2024-03-01 06:54 AM, slack,-
2024-03-01 09:48 AM, ebb,-6.3
2024-03-01 01:42 PM, slack,-
2024-03-01 04:12 PM, flood,4.0
2024-03-01 08:12 PM, slack,-
2024-03-01 10:48 PM, ebb,-3.7
2024-03-02 02:48 AM, slack,-
2024-03-02 04:54 AM, flood,3.1
2024-03-02 07:42 AM, slack,-
2024-03-02 10:42 AM, ebb,-6.1
2024-03-02 02:36 PM, slack,-
2024-03-02 05:12 PM, flood,4.0
2024-03-02 09:24 PM, slack,-
2024-03-03 12:54 AM, ebb,-3.4
2024-03-03 04:00 AM, slack,-
2024-03-03 05:54 AM, flood,2.4
2024-03-03 08:24 AM, slack,-
2024-03-03 11:36 AM, ebb,-6.1
2024-03-03 03:30 PM, slack,-
2024-03-03 06:18 PM, flood,4.4
2024-03-03 10:36 PM, slack,-
2024-03-04 02:18 AM, ebb,-3.8
2024-03-04 05:12 AM, slack,-
2024-03-04 07:00 AM, flood,2.0
2024-03-04 09:24 AM, slack,-
2024-03-04 12:30 PM, ebb,-6.1
2024-03-04 04:24 PM, slack,-
2024-03-04 07:24 PM, flood,4.9
2024-03-04 11:30 PM, slack,-
2024-03-05 03:18 AM, ebb,-4.5
2024-03-05 06:12 AM, slack,-
2024-03-05 08:06 AM, flood,2.0
2024-03-05 10:30 AM, slack,-
2024-03-05 01:30 PM, ebb,-6.2
2024-03-05 05:18 PM, slack,-
2024-03-05 08:24 PM, flood,5.4
2024-03-06 12:18 AM, slack,-
2024-03-06 04:00 AM, ebb,-5.3
2024-03-06 07:00 AM, slack,-
2024-03-06 09:18 AM, flood,2.5
2024-03-06 11:36 AM, slack,-
2024-03-06 02:24 PM, ebb,-6.2
2024-03-06 06:12 PM, slack,-
2024-03-06 09:24 PM, flood,5.9
2024-03-07 01:00 AM, slack,-
2024-03-07 04:24 AM, ebb,-6.0
2024-03-07 07:42 AM, slack,-
2024-03-07 10:12 AM, flood,3.3
2024-03-07 12:36 PM, slack,-
2024-03-07 03:24 PM, ebb,-6.3
2024-03-07 07:00 PM, slack,-
2024-03-07 10:06 PM, flood,6.2
2024-03-08 01:36 AM, slack,-
2024-03-08 04:42 AM, ebb,-6.6
2024-03-08 08:24 AM, slack,-
2024-03-08 11:00 AM, flood,4.1
2024-03-08 01:36 PM, slack,-
2024-03-08 04:24 PM, ebb,-6.4
2024-03-08 07:54 PM, slack,-
2024-03-08 10:54 PM, flood,6.2
2024-03-09 02:12 AM, slack,-
2024-03-09 05:12 AM, ebb,-7.1
2024-03-09 09:00 AM, slack,-
2024-03-09 11:42 AM, flood,4.7
2024-03-09 02:36 PM, slack,-
2024-03-09 05:18 PM, ebb,-6.5
2024-03-09 08:48 PM, slack,-
2024-03-09 11:36 PM, flood,6.2
2024-03-10 04:00 AM, slack,-
2024-03-10 06:48 AM, ebb,-7.4
2024-03-10 10:42 AM, slack,-
2024-03-10 01:24 PM, flood,5.1
2024-03-10 04:30 PM, slack,-
2024-03-10 07:12 PM, ebb,-6.6
2024-03-10 10:48 PM, slack,-
2024-03-11 01:30 AM, flood,6.1
2024-03-11 04:42 AM, slack,-
2024-03-11 07:36 AM, ebb,-7.5
2024-03-11 11:30 AM, slack,-
2024-03-11 02:18 PM, flood,5.2
2024-03-11 05:24 PM, slack,-
2024-03-11 08:12 PM, ebb,-6.5
2024-03-11 11:42 PM, slack,-
2024-03-12 02:24 AM, flood,6.0
2024-03-12 05:30 AM, slack,-
2024-03-12 08:24 AM, ebb,-7.5
2024-03-12 12:18 PM, slack,-
2024-03-12 03:12 PM, flood,5.1
2024-03-12 06:18 PM, slack,-
2024-03-12 09:12 PM, ebb,-6.3
2024-03-13 12:30 AM, slack,-
2024-03-13 03:12 AM, flood,5.8
2024-03-13 06:24 AM, slack,-
2024-03-13 09:12 AM, ebb,-7.4
2024-03-13 01:06 PM, slack,-
2024-03-13 04:00 PM, flood,4.8
2024-03-13 07:12 PM, slack,-
2024-03-13 10:06 PM, ebb,-5.9
2024-03-14 01:30 AM, slack,-
2024-03-14 04:06 AM, flood,5.4
2024-03-14 07:12 AM, slack,-
2024-03-14 10:00 AM, ebb,-7.1
2024-03-14 02:06 PM, slack,-
2024-03-14 05:06 PM, flood,4.4
2024-03-14 08:18 PM, slack,-
2024-03-14 11:12 PM, ebb,-5.1
2024-03-15 02:30 AM, slack,-
2024-03-15 04:54 AM, flood,4.7
2024-03-15 08:00 AM, slack,-
2024-03-15 10:48 AM, ebb,-6.6
2024-03-15 03:00 PM, slack,-
2024-03-15 06:48 PM, flood,4.2
2024-03-15 09:24 PM, slack,-
2024-03-16 12:48 AM, ebb,-4.6
2024-03-16 03:30 AM, slack,-
2024-03-16 05:54 AM, flood,3.7
2024-03-16 08:54 AM, slack,-
2024-03-16 11:42 AM, ebb,-6.0
2024-03-16 04:00 PM, slack,-
2024-03-16 08:00 PM, flood,4.3
2024-03-16 10:30 PM, slack,-
2024-03-17 02:06 AM, ebb,-4.6
2024-03-17 04:42 AM, slack,-
2024-03-17 07:12 AM, flood,2.9
2024-03-17 09:48 AM, slack,-
2024-03-17 12:48 PM, ebb,-5.3
2024-03-17 05:00 PM, slack,-
2024-03-17 09:06 PM, flood,4.5
2024-03-17 11:36 PM, slack,-
2024-03-18 03:12 AM, ebb,-4.9
2024-03-18 06:00 AM, slack,-
2024-03-18 08:42 AM, flood,2.5
2024-03-18 10:54 AM, slack,-
2024-03-18 02:06 PM, ebb,-4.8
2024-03-18 05:54 PM, slack,-
2024-03-18 10:00 PM, flood,4.8
2024-03-19 12:30 AM, slack,-
2024-03-19 04:06 AM, ebb,-5.4
2024-03-19 07:06 AM, slack,-
2024-03-19 10:00 AM, flood,2.7
2024-03-19 12:00 PM, slack,-
2024-03-19 03:24 PM, ebb,-4.5
2024-03-19 06:48 PM, slack,-
2024-03-19 10:48 PM, flood,4.8
2024-03-20 01:12 AM, slack,-
2024-03-20 04:54 AM, ebb,-5.9
2024-03-20 07:54 AM, slack,-
2024-03-20 11:00 AM, flood,3.2
2024-03-20 01:00 PM, slack,-
2024-03-20 04:36 PM, ebb,-4.5
2024-03-20 07:30 PM, slack,-
2024-03-20 11:24 PM, flood,4.6
2024-03-21 01:48 AM, slack,-
2024-03-21 05:30 AM, ebb,-6.1
2024-03-21 08:30 AM, slack,-
2024-03-21 11:42 AM, flood,3.7
2024-03-21 01:54 PM, slack,-
2024-03-21 05:24 PM, ebb,-4.5
2024-03-21 08:18 PM, slack,-
2024-03-21 11:54 PM, flood,4.3
2024-03-22 02:18 AM, slack,-
2024-03-22 06:00 AM, ebb,-6.1
2024-03-22 09:06 AM, slack,-
2024-03-22 12:12 PM, flood,4.1
2024-03-22 02:42 PM, slack,-
2024-03-22 06:00 PM, ebb,-4.7
2024-03-22 09:06 PM, slack,-
2024-03-23 12:06 AM, flood,4.0
2024-03-23 02:48 AM, slack,-
2024-03-23 06:06 AM, ebb,-6.0
2024-03-23 09:36 AM, slack,-
2024-03-23 12:36 PM, flood,4.4
2024-03-23 03:24 PM, slack,-
2024-03-23 06:30 PM, ebb,-4.9
2024-03-23 09:48 PM, slack,-
2024-03-24 12:24 AM, flood,4.1
2024-03-24 03:24 AM, slack,-
2024-03-24 06:18 AM, ebb,-6.1
2024-03-24 10:06 AM, slack,-
2024-03-24 12:48 PM, flood,4.6
2024-03-24 04:06 PM, slack,-
2024-03-24 07:00 PM, ebb,-5.1
2024-03-24 10:30 PM, slack,-
2024-03-25 12:54 AM, flood,4.2
2024-03-25 04:00 AM, slack,-
2024-03-25 06:48 AM, ebb,-6.3
2024-03-25 10:36 AM, slack,-
2024-03-25 01:12 PM, flood,4.7
2024-03-25 04:42 PM, slack,-
2024-03-25 07:36 PM, ebb,-5.3
2024-03-25 11:12 PM, slack,-
2024-03-26 01:36 AM, flood,4.4
2024-03-26 04:42 AM, slack,-
2024-03-26 07:24 AM, ebb,-6.5
2024-03-26 11:12 AM, slack,-
2024-03-26 01:48 PM, flood,4.8
2024-03-26 05:24 PM, slack,-
2024-03-26 08:18 PM, ebb,-5.4
2024-03-26 11:54 PM, slack,-
2024-03-27 02:24 AM, flood,4.6
2024-03-27 05:18 AM, slack,-
2024-03-27 08:06 AM, ebb,-6.7
2024-03-27 11:54 AM, slack,-
2024-03-27 02:30 PM, flood,4.9
2024-03-27 06:12 PM, slack,-
2024-03-27 09:00 PM, ebb,-5.3
2024-03-28 12:42 AM, slack,-
2024-03-28 03:06 AM, flood,4.5
2024-03-28 06:00 AM, slack,-
2024-03-28 08:54 AM, ebb,-7.0
2024-03-28 12:36 PM, slack,-
2024-03-28 03:18 PM, flood,5.0
2024-03-28 07:00 PM, slack,-
2024-03-28 09:42 PM, ebb,-5.0
2024-03-29 01:30 AM, slack,-
2024-03-29 03:48 AM, flood,4.1
2024-03-29 06:36 AM, slack,-
2024-03-29 09:36 AM, ebb,-7.2
2024-03-29 01:18 PM, slack,-
2024-03-29 04:00 PM, flood,5.1
2024-03-29 07:54 PM, slack,-
2024-03-29 10:30 PM, ebb,-4.5
2024-03-30 02:30 AM, slack,-
2024-03-30 04:36 AM, flood,3.4
2024-03-30 07:12 AM, slack,-
2024-03-30 10:18 AM, ebb,-7.1
2024-03-30 02:00 PM, slack,-
2024-03-30 04:48 PM, flood,5.2
2024-03-30 08:54 PM, slack,-
2024-03-30 11:30 PM, ebb,-3.9
2024-03-31 03:30 AM, slack,-
2024-03-31 05:24 AM, flood,2.5
2024-03-31 07:48 AM, slack,-
2024-03-31 11:06 AM, ebb,-6.7
2024-03-31 02:48 PM, slack,-
2024-03-31 05:42 PM, flood,5.2
2024-03-31 09:54 PM, slack,-
2024-04-01 01:12 AM, ebb,-3.8
2024-04-01 04:42 AM, slack,-
2024-04-01 06:24 AM, flood,1.8
2024-04-01 08:36 AM, slack,-
2024-04-01 12:00 PM, ebb,-6.1
2024-04-01 03:42 PM, slack,-
2024-04-01 06:42 PM, flood,5.1
2024-04-01 10:54 PM, slack,-
2024-04-02 02:42 AM, ebb,-4.2
2024-04-02 05:54 AM, slack,-
2024-04-02 07:30 AM, flood,1.5
2024-04-02 09:48 AM, slack,-
2024-04-02 01:00 PM, ebb,-5.5
2024-04-02 04:42 PM, slack,-
2024-04-02 07:42 PM, flood,5.2
2024-04-02 11:48 PM, slack,-
2024-04-03 03:30 AM, ebb,-4.9
2024-04-03 06:54 AM, slack,-
2024-04-03 08:48 AM, flood,1.9
2024-04-03 11:18 AM, slack,-
2024-04-03 02:06 PM, ebb,-5.2
2024-04-03 05:42 PM, slack,-
2024-04-03 08:42 PM, flood,5.2
2024-04-04 12:36 AM, slack,-
2024-04-04 04:06 AM, ebb,-5.7
2024-04-04 07:36 AM, slack,-
2024-04-04 10:12 AM, flood,2.8
2024-04-04 12:36 PM, slack,-
2024-04-04 03:12 PM, ebb,-5.3
2024-04-04 06:48 PM, slack,-
2024-04-04 09:42 PM, flood,5.3
2024-04-05 01:18 AM, slack,-
2024-04-05 04:36 AM, ebb,-6.4
2024-04-05 08:12 AM, slack,-
2024-04-05 11:12 AM, flood,3.9
2024-04-05 01:36 PM, slack,-
2024-04-05 04:18 PM, ebb,-5.6
2024-04-05 07:48 PM, slack,-
2024-04-05 10:42 PM, flood,5.5
2024-04-06 02:00 AM, slack,-
2024-04-06 05:06 AM, ebb,-7.0
2024-04-06 08:54 AM, slack,-
2024-04-06 11:54 AM, flood,4.8
2024-04-06 02:36 PM, slack,-
2024-04-06 05:18 PM, ebb,-6.0
2024-04-06 08:42 PM, slack,-
2024-04-06 11:36 PM, flood,5.7
2024-04-07 02:42 AM, slack,-
2024-04-07 05:42 AM, ebb,-7.5
2024-04-07 09:36 AM, slack,-
2024-04-07 12:36 PM, flood,5.3
2024-04-07 03:30 PM, slack,-
2024-04-07 06:18 PM, ebb,-6.3
2024-04-07 09:42 PM, slack,-
2024-04-08 12:24 AM, flood,5.9
2024-04-08 03:30 AM, slack,-
2024-04-08 06:24 AM, ebb,-7.7
2024-04-08 10:18 AM, slack,-
2024-04-08 01:24 PM, flood,5.5
2024-04-08 04:24 PM, slack,-
2024-04-08 07:12 PM, ebb,-6.4
2024-04-08 10:36 PM, slack,-
2024-04-09 01:12 AM, flood,5.9
2024-04-09 04:18 AM, slack,-
2024-04-09 07:12 AM, ebb,-7.8
2024-04-09 11:06 AM, slack,-
2024-04-09 02:18 PM, flood,5.5
2024-04-09 05:12 PM, slack,-
2024-04-09 08:12 PM, ebb,-6.3
2024-04-09 11:24 PM, slack,-
2024-04-10 02:06 AM, flood,5.8
2024-04-10 05:06 AM, slack,-
2024-04-10 08:00 AM, ebb,-7.8
2024-04-10 11:54 AM, slack,-
2024-04-10 03:18 PM, flood,5.4
2024-04-10 06:12 PM, slack,-
2024-04-10 09:12 PM, ebb,-6.1
2024-04-11 12:18 AM, slack,-
2024-04-11 03:00 AM, flood,5.5
2024-04-11 05:54 AM, slack,-
2024-04-11 08:54 AM, ebb,-7.7
2024-04-11 12:48 PM, slack,-
2024-04-11 04:12 PM, flood,5.3
2024-04-11 07:06 PM, slack,-
2024-04-11 10:12 PM, ebb,-5.7
2024-04-12 01:18 AM, slack,-
2024-04-12 03:48 AM, flood,4.8
2024-04-12 06:42 AM, slack,-
2024-04-12 09:36 AM, ebb,-7.3
2024-04-12 01:36 PM, slack,-
2024-04-12 05:12 PM, flood,5.1
2024-04-12 08:06 PM, slack,-
2024-04-12 11:18 PM, ebb,-5.1
2024-04-13 02:18 AM, slack,-
2024-04-13 04:36 AM, flood,3.9
2024-04-13 07:30 AM, slack,-
2024-04-13 10:18 AM, ebb,-6.7
2024-04-13 02:24 PM, slack,-
2024-04-13 06:18 PM, flood,4.8
2024-04-13 09:06 PM, slack,-
2024-04-14 12:36 AM, ebb,-4.8
2024-04-14 03:24 AM, slack,-
2024-04-14 05:30 AM, flood,2.9
2024-04-14 08:18 AM, slack,-
2024-04-14 11:06 AM, ebb,-5.7
2024-04-14 03:18 PM, slack,-
2024-04-14 07:24 PM, flood,4.5
2024-04-14 10:00 PM, slack,-
2024-04-15 01:42 AM, ebb,-4.8
2024-04-15 04:30 AM, slack,-
2024-04-15 06:54 AM, flood,2.1
2024-04-15 09:12 AM, slack,-
2024-04-15 12:00 PM, ebb,-4.6
2024-04-15 04:12 PM, slack,-
2024-04-15 08:18 PM, flood,4.2
2024-04-15 10:54 PM, slack,-
2024-04-16 02:42 AM, ebb,-5.0
2024-04-16 05:42 AM, slack,-
2024-04-16 08:30 AM, flood,2.0
2024-04-16 10:24 AM, slack,-
2024-04-16 01:18 PM, ebb,-3.7
2024-04-16 05:06 PM, slack,-
2024-04-16 09:12 PM, flood,3.8
2024-04-16 11:42 PM, slack,-
2024-04-17 03:30 AM, ebb,-5.3
2024-04-17 06:36 AM, slack,-
2024-04-17 09:42 AM, flood,2.4
2024-04-17 11:42 AM, slack,-
2024-04-17 03:12 PM, ebb,-3.4
2024-04-17 06:06 PM, slack,-
2024-04-17 10:06 PM, flood,3.5
2024-04-18 12:18 AM, slack,-
2024-04-18 04:18 AM, ebb,-5.5
2024-04-18 07:18 AM, slack,-
2024-04-18 10:36 AM, flood,3.1
2024-04-18 12:48 PM, slack,-
2024-04-18 04:24 PM, ebb,-3.7
2024-04-18 07:06 PM, slack,-
2024-04-18 10:48 PM, flood,3.4
2024-04-19 12:54 AM, slack,-
2024-04-19 04:48 AM, ebb,-5.6
2024-04-19 07:54 AM, slack,-
2024-04-19 11:18 AM, flood,3.8
2024-04-19 01:36 PM, slack,-
2024-04-19 05:12 PM, ebb,-4.1
2024-04-19 07:54 PM, slack,-
2024-04-19 11:12 PM, flood,3.4
2024-04-20 01:30 AM, slack,-
2024-04-20 05:00 AM, ebb,-5.7
2024-04-20 08:24 AM, slack,-
2024-04-20 11:54 AM, flood,4.2
2024-04-20 02:18 PM, slack,-
2024-04-20 05:48 PM, ebb,-4.6
2024-04-20 08:42 PM, slack,-
2024-04-20 11:30 PM, flood,3.7
2024-04-21 02:06 AM, slack,-
2024-04-21 05:12 AM, ebb,-5.9
2024-04-21 08:54 AM, slack,-
2024-04-21 12:06 PM, flood,4.4
2024-04-21 03:00 PM, slack,-
2024-04-21 06:18 PM, ebb,-5.0
2024-04-21 09:24 PM, slack,-
2024-04-21 11:54 PM, flood,4.1
2024-04-22 02:48 AM, slack,-
2024-04-22 05:36 AM, ebb,-6.3
2024-04-22 09:30 AM, slack,-
2024-04-22 12:18 PM, flood,4.7
2024-04-22 03:42 PM, slack,-
2024-04-22 06:42 PM, ebb,-5.2
2024-04-22 10:06 PM, slack,-
2024-04-23 12:30 AM, flood,4.5
2024-04-23 03:24 AM, slack,-
2024-04-23 06:12 AM, ebb,-6.7
2024-04-23 10:06 AM, slack,-
2024-04-23 12:42 PM, flood,5.0
2024-04-23 04:24 PM, slack,-
2024-04-23 07:18 PM, ebb,-5.3
2024-04-23 10:48 PM, slack,-
2024-04-24 01:12 AM, flood,4.6
2024-04-24 04:06 AM, slack,-
2024-04-24 06:54 AM, ebb,-7.1
2024-04-24 10:48 AM, slack,-
2024-04-24 01:24 PM, flood,5.2
2024-04-24 05:06 PM, slack,-
2024-04-24 08:00 PM, ebb,-5.3
2024-04-24 11:36 PM, slack,-
2024-04-25 01:54 AM, flood,4.5
2024-04-25 04:42 AM, slack,-
2024-04-25 07:36 AM, ebb,-7.5
2024-04-25 11:24 AM, slack,-
2024-04-25 02:06 PM, flood,5.6
2024-04-25 06:00 PM, slack,-
2024-04-25 08:48 PM, ebb,-5.1
2024-04-26 12:24 AM, slack,-
2024-04-26 02:36 AM, flood,4.1
2024-04-26 05:18 AM, slack,-
2024-04-26 08:18 AM, ebb,-7.8
2024-04-26 12:00 PM, slack,-
2024-04-26 02:54 PM, flood,6.0
2024-04-26 06:48 PM, slack,-
2024-04-26 09:30 PM, ebb,-4.9
2024-04-27 01:18 AM, slack,-
2024-04-27 03:24 AM, flood,3.5
2024-04-27 05:54 AM, slack,-
2024-04-27 09:06 AM, ebb,-7.8
2024-04-27 12:42 PM, slack,-
2024-04-27 03:42 PM, flood,6.2
2024-04-27 07:42 PM, slack,-
2024-04-27 10:12 PM, ebb,-4.7
2024-04-28 02:18 AM, slack,-
2024-04-28 04:06 AM, flood,2.8
2024-04-28 06:30 AM, slack,-
2024-04-28 09:48 AM, ebb,-7.5
2024-04-28 01:24 PM, slack,-
2024-04-28 04:24 PM, flood,6.3
2024-04-28 08:30 PM, slack,-
2024-04-28 11:06 PM, ebb,-4.5
2024-04-29 03:18 AM, slack,-
2024-04-29 05:00 AM, flood,2.1
2024-04-29 07:12 AM, slack,-
2024-04-29 10:36 AM, ebb,-6.7
2024-04-29 02:06 PM, slack,-
2024-04-29 05:12 PM, flood,6.0
2024-04-29 09:18 PM, slack,-
2024-04-30 12:06 AM, ebb,-4.5
2024-04-30 04:24 AM, slack,-
2024-04-30 06:00 AM, flood,1.7
2024-04-30 08:12 AM, slack,-
2024-04-30 11:30 AM, ebb,-5.7
2024-04-30 03:00 PM, slack,-
2024-04-30 06:06 PM, flood,5.5
2024-04-30 10:06 PM, slack,-
2024-05-01 01:18 AM, ebb,-4.8
2024-05-01 05:24 AM, slack,-
2024-05-01 07:12 AM, flood,1.7
2024-05-01 09:42 AM, slack,-
2024-05-01 12:36 PM, ebb,-4.9
2024-05-01 04:06 PM, slack,-
2024-05-01 07:06 PM, flood,5.0
2024-05-01 11:00 PM, slack,-
2024-05-02 02:12 AM, ebb,-5.3
2024-05-02 06:12 AM, slack,-
2024-05-02 08:36 AM, flood,2.3
2024-05-02 11:12 AM, slack,-
2024-05-02 01:48 PM, ebb,-4.5
2024-05-02 05:24 PM, slack,-
2024-05-02 08:12 PM, flood,4.8
2024-05-02 11:48 PM, slack,-
2024-05-03 03:00 AM, ebb,-5.9
2024-05-03 07:00 AM, slack,-
2024-05-03 10:06 AM, flood,3.3
2024-05-03 12:30 PM, slack,-
2024-05-03 03:06 PM, ebb,-4.7
2024-05-03 06:36 PM, slack,-
2024-05-03 09:18 PM, flood,4.8
2024-05-04 12:42 AM, slack,-
2024-05-04 03:48 AM, ebb,-6.6
2024-05-04 07:42 AM, slack,-
2024-05-04 11:06 AM, flood,4.4
2024-05-04 01:30 PM, slack,-
2024-05-04 04:24 PM, ebb,-5.3
2024-05-04 07:36 PM, slack,-
2024-05-04 10:30 PM, flood,5.1
2024-05-05 01:30 AM, slack,-
2024-05-05 04:36 AM, ebb,-7.2
2024-05-05 08:30 AM, slack,-
2024-05-05 11:54 AM, flood,5.2
2024-05-05 02:24 PM, slack,-
2024-05-05 05:24 PM, ebb,-5.9
2024-05-05 08:30 PM, slack,-
2024-05-05 11:24 PM, flood,5.6
2024-05-06 02:18 AM, slack,-
2024-05-06 05:24 AM, ebb,-7.7
2024-05-06 09:12 AM, slack,-
2024-05-06 12:36 PM, flood,5.6
2024-05-06 03:18 PM, slack,-
2024-05-06 06:18 PM, ebb,-6.2
2024-05-06 09:24 PM, slack,-
2024-05-07 12:12 AM, flood,5.9
2024-05-07 03:06 AM, slack,-
2024-05-07 06:06 AM, ebb,-8.0
2024-05-07 10:00 AM, slack,-
2024-05-07 01:24 PM, flood,5.8
2024-05-07 04:12 PM, slack,-
2024-05-07 07:18 PM, ebb,-6.2
2024-05-07 10:18 PM, slack,-
2024-05-08 01:00 AM, flood,5.8
2024-05-08 03:54 AM, slack,-
2024-05-08 06:54 AM, ebb,-8.1
2024-05-08 10:48 AM, slack,-
2024-05-08 02:24 PM, flood,5.9
2024-05-08 05:06 PM, slack,-
2024-05-08 08:18 PM, ebb,-6.1
2024-05-08 11:12 PM, slack,-
2024-05-09 01:48 AM, flood,5.4
2024-05-09 04:42 AM, slack,-
2024-05-09 07:42 AM, ebb,-8.0
2024-05-09 11:36 AM, slack,-
2024-05-09 03:18 PM, flood,6.0
2024-05-09 06:06 PM, slack,-
2024-05-09 09:18 PM, ebb,-5.9
2024-05-10 12:06 AM, slack,-
2024-05-10 02:42 AM, flood,4.8
2024-05-10 05:24 AM, slack,-
2024-05-10 08:30 AM, ebb,-7.7
2024-05-10 12:24 PM, slack,-
2024-05-10 04:06 PM, flood,5.9
2024-05-10 07:00 PM, slack,-
2024-05-10 10:12 PM, ebb,-5.7
2024-05-11 01:06 AM, slack,-
2024-05-11 03:30 AM, flood,4.0
2024-05-11 06:12 AM, slack,-
2024-05-11 09:12 AM, ebb,-7.1
2024-05-11 01:06 PM, slack,-
2024-05-11 04:48 PM, flood,5.6
2024-05-11 07:48 PM, slack,-
2024-05-11 11:06 PM, ebb,-5.4
2024-05-12 02:06 AM, slack,-
2024-05-12 04:18 AM, flood,3.1
2024-05-12 07:00 AM, slack,-
2024-05-12 09:48 AM, ebb,-6.2
2024-05-12 01:48 PM, slack,-
2024-05-12 05:30 PM, flood,5.0
2024-05-12 08:36 PM, slack,-
2024-05-13 12:06 AM, ebb,-5.1
2024-05-13 03:06 AM, slack,-
2024-05-13 05:12 AM, flood,2.4
2024-05-13 07:48 AM, slack,-
2024-05-13 10:30 AM, ebb,-5.1
2024-05-13 02:36 PM, slack,-
2024-05-13 05:54 PM, flood,4.3
2024-05-13 09:18 PM, slack,-
2024-05-14 01:06 AM, ebb,-4.9
2024-05-14 04:06 AM, slack,-
2024-05-14 06:24 AM, flood,1.9
2024-05-14 08:48 AM, slack,-
2024-05-14 11:24 AM, ebb,-3.9
2024-05-14 03:24 PM, slack,-
2024-05-14 06:24 PM, flood,3.5
2024-05-14 09:54 PM, slack,-
2024-05-15 01:54 AM, ebb,-4.8
2024-05-15 05:00 AM, slack,-
2024-05-15 08:00 AM, flood,1.9
2024-05-15 10:00 AM, slack,-
2024-05-15 12:36 PM, ebb,-3.0
2024-05-15 04:30 PM, slack,-
2024-05-15 07:18 PM, flood,2.9
2024-05-15 10:36 PM, slack,-
2024-05-16 02:42 AM, ebb,-4.7
2024-05-16 05:48 AM, slack,-
2024-05-16 09:06 AM, flood,2.3
2024-05-16 11:18 AM, slack,-
2024-05-16 02:48 PM, ebb,-2.9
2024-05-16 05:36 PM, slack,-
2024-05-16 08:18 PM, flood,2.6
2024-05-16 11:24 PM, slack,-
2024-05-17 03:12 AM, ebb,-4.7
2024-05-17 06:30 AM, slack,-
2024-05-17 10:06 AM, flood,2.9
2024-05-17 12:18 PM, slack,-
2024-05-17 04:00 PM, ebb,-3.4
2024-05-17 06:36 PM, slack,-
2024-05-17 09:24 PM, flood,2.7
2024-05-18 12:06 AM, slack,-
2024-05-18 03:30 AM, ebb,-4.9
2024-05-18 07:06 AM, slack,-
2024-05-18 10:54 AM, flood,3.4
2024-05-18 01:06 PM, slack,-
2024-05-18 04:48 PM, ebb,-4.0
2024-05-18 07:24 PM, slack,-
2024-05-18 10:12 PM, flood,3.1
2024-05-19 12:54 AM, slack,-
2024-05-19 03:54 AM, ebb,-5.4
2024-05-19 07:42 AM, slack,-
2024-05-19 11:18 AM, flood,3.8
2024-05-19 01:48 PM, slack,-
2024-05-19 05:24 PM, ebb,-4.6
2024-05-19 08:12 PM, slack,-
2024-05-19 10:54 PM, flood,3.7
2024-05-20 01:36 AM, slack,-
2024-05-20 04:24 AM, ebb,-6.0
2024-05-20 08:24 AM, slack,-
2024-05-20 11:36 AM, flood,4.3
2024-05-20 02:30 PM, slack,-
2024-05-20 05:54 PM, ebb,-4.9
2024-05-20 08:54 PM, slack,-
2024-05-20 11:24 PM, flood,4.3
2024-05-21 02:12 AM, slack,-
2024-05-21 05:06 AM, ebb,-6.6
2024-05-21 09:00 AM, slack,-
2024-05-21 11:54 AM, flood,4.8
2024-05-21 03:18 PM, slack,-
2024-05-21 06:24 PM, ebb,-5.1
2024-05-21 09:42 PM, slack,-
2024-05-22 12:06 AM, flood,4.5
2024-05-22 02:54 AM, slack,-
2024-05-22 05:42 AM, ebb,-7.3
2024-05-22 09:36 AM, slack,-
2024-05-22 12:24 PM, flood,5.3
2024-05-22 04:06 PM, slack,-
2024-05-22 07:00 PM, ebb,-5.1
2024-05-22 10:24 PM, slack,-
2024-05-23 12:42 AM, flood,4.4
2024-05-23 03:30 AM, slack,-
2024-05-23 06:24 AM, ebb,-7.8
2024-05-23 10:18 AM, slack,-
2024-05-23 01:06 PM, flood,5.9
2024-05-23 04:54 PM, slack,-
2024-05-23 07:48 PM, ebb,-5.1
2024-05-23 11:18 PM, slack,-
2024-05-24 01:24 AM, flood,4.0
2024-05-24 04:06 AM, slack,-
2024-05-24 07:06 AM, ebb,-8.1
2024-05-24 10:54 AM, slack,-
2024-05-24 01:48 PM, flood,6.4
2024-05-24 05:42 PM, slack,-
2024-05-24 08:36 PM, ebb,-5.1
2024-05-25 12:06 AM, slack,-
2024-05-25 02:12 AM, flood,3.5
2024-05-25 04:42 AM, slack,-
2024-05-25 07:48 AM, ebb,-8.1
2024-05-25 11:30 AM, slack,-
2024-05-25 02:30 PM, flood,6.8
2024-05-25 06:30 PM, slack,-
2024-05-25 09:18 PM, ebb,-5.2
2024-05-26 01:00 AM, slack,-
2024-05-26 03:00 AM, flood,3.0
2024-05-26 05:18 AM, slack,-
2024-05-26 08:36 AM, ebb,-7.8
2024-05-26 12:06 PM, slack,-
2024-05-26 03:12 PM, flood,7.0
2024-05-26 07:12 PM, slack,-
2024-05-26 09:54 PM, ebb,-5.4
2024-05-27 01:54 AM, slack,-
2024-05-27 03:48 AM, flood,2.6
2024-05-27 06:06 AM, slack,-
2024-05-27 09:24 AM, ebb,-7.3
2024-05-27 12:48 PM, slack,-
2024-05-27 04:00 PM, flood,6.8
2024-05-27 07:54 PM, slack,-
2024-05-27 10:30 PM, ebb,-5.5
2024-05-28 02:48 AM, slack,-
2024-05-28 04:36 AM, flood,2.4
2024-05-28 07:00 AM, slack,-
2024-05-28 10:12 AM, ebb,-6.4
2024-05-28 01:42 PM, slack,-
2024-05-28 04:42 PM, flood,6.2
2024-05-28 08:36 PM, slack,-
2024-05-28 11:18 PM, ebb,-5.5
2024-05-29 03:42 AM, slack,-
2024-05-29 05:36 AM, flood,2.3
2024-05-29 08:18 AM, slack,-
2024-05-29 11:06 AM, ebb,-5.3
2024-05-29 02:42 PM, slack,-
2024-05-29 05:36 PM, flood,5.4
2024-05-29 09:24 PM, slack,-
2024-05-30 12:12 AM, ebb,-5.5
2024-05-30 04:36 AM, slack,-
2024-05-30 06:42 AM, flood,2.4
2024-05-30 09:36 AM, slack,-
2024-05-30 12:18 PM, ebb,-4.5
2024-05-30 03:54 PM, slack,-
2024-05-30 06:42 PM, flood,4.7
2024-05-30 10:12 PM, slack,-
2024-05-31 01:12 AM, ebb,-5.7
2024-05-31 05:30 AM, slack,-
2024-05-31 08:06 AM, flood,2.8
2024-05-31 11:00 AM, slack,-
2024-05-31 01:36 PM, ebb,-4.3
2024-05-31 05:12 PM, slack,-
2024-05-31 07:48 PM, flood,4.4
2024-05-31 11:12 PM, slack,-
2024-06-01 02:18 AM, ebb,-6.1
2024-06-01 06:24 AM, slack,-
2024-06-01 09:48 AM, flood,3.6
2024-06-01 12:12 PM, slack,-
2024-06-01 03:06 PM, ebb,-4.6
2024-06-01 06:18 PM, slack,-
2024-06-01 09:00 PM, flood,4.6
2024-06-02 12:12 AM, slack,-
2024-06-02 03:18 AM, ebb,-6.6
2024-06-02 07:18 AM, slack,-
2024-06-02 10:54 AM, flood,4.5
2024-06-02 01:18 PM, slack,-
2024-06-02 04:24 PM, ebb,-5.2
2024-06-02 07:18 PM, slack,-
2024-06-02 10:18 PM, flood,5.1
2024-06-03 01:06 AM, slack,-
2024-06-03 04:18 AM, ebb,-7.3
2024-06-03 08:12 AM, slack,-
2024-06-03 11:48 AM, flood,5.3
2024-06-03 02:12 PM, slack,-
2024-06-03 05:24 PM, ebb,-5.7
2024-06-03 08:18 PM, slack,-
2024-06-03 11:12 PM, flood,5.5
2024-06-04 01:54 AM, slack,-
2024-06-04 05:06 AM, ebb,-7.8
2024-06-04 09:00 AM, slack,-
2024-06-04 12:36 PM, flood,5.9
2024-06-04 03:12 PM, slack,-
2024-06-04 06:18 PM, ebb,-6.0
2024-06-04 09:12 PM, slack,-
2024-06-05 12:00 AM, flood,5.6
2024-06-05 02:42 AM, slack,-
2024-06-05 05:54 AM, ebb,-8.2
2024-06-05 09:48 AM, slack,-
2024-06-05 01:24 PM, flood,6.3
2024-06-05 04:06 PM, slack,-
2024-06-05 07:18 PM, ebb,-6.0
2024-06-05 10:06 PM, slack,-
2024-06-06 12:42 AM, flood,5.3
2024-06-06 03:30 AM, slack,-
2024-06-06 06:36 AM, ebb,-8.2
2024-06-06 10:30 AM, slack,-
2024-06-06 02:12 PM, flood,6.5
2024-06-06 05:00 PM, slack,-
2024-06-06 08:12 PM, ebb,-6.0
2024-06-06 11:00 PM, slack,-
2024-06-07 01:30 AM, flood,4.7
2024-06-07 04:12 AM, slack,-
2024-06-07 07:18 AM, ebb,-7.9
2024-06-07 11:12 AM, slack,-
2024-06-07 03:00 PM, flood,6.5
2024-06-07 05:48 PM, slack,-
2024-06-07 09:06 PM, ebb,-6.0
2024-06-07 11:54 PM, slack,-
2024-06-08 02:24 AM, flood,4.0
2024-06-08 05:00 AM, slack,-
2024-06-08 08:00 AM, ebb,-7.2
2024-06-08 11:54 AM, slack,-
2024-06-08 03:42 PM, flood,6.2
2024-06-08 06:36 PM, slack,-
2024-06-08 09:54 PM, ebb,-5.9
2024-06-09 12:54 AM, slack,-
2024-06-09 03:18 AM, flood,3.4
2024-06-09 05:48 AM, slack,-
2024-06-09 08:42 AM, ebb,-6.4
2024-06-09 12:30 PM, slack,-
2024-06-09 04:06 PM, flood,5.6
2024-06-09 07:12 PM, slack,-
2024-06-09 10:36 PM, ebb,-5.7
2024-06-10 01:48 AM, slack,-
2024-06-10 04:00 AM, flood,2.9
2024-06-10 06:36 AM, slack,-
2024-06-10 09:24 AM, ebb,-5.5
2024-06-10 01:18 PM, slack,-
2024-06-10 04:18 PM, flood,4.8
2024-06-10 07:48 PM, slack,-
2024-06-10 11:12 PM, ebb,-5.3
2024-06-11 02:36 AM, slack,-
2024-06-11 04:42 AM, flood,2.5
2024-06-11 07:30 AM, slack,-
2024-06-11 10:06 AM, ebb,-4.6
2024-06-11 02:00 PM, slack,-
2024-06-11 04:42 PM, flood,4.1
2024-06-11 08:24 PM, slack,-
2024-06-11 11:36 PM, ebb,-4.8
2024-06-12 03:18 AM, slack,-
2024-06-12 05:24 AM, flood,2.3
2024-06-12 08:30 AM, slack,-
2024-06-12 10:54 AM, ebb,-3.7
2024-06-12 02:54 PM, slack,-
2024-06-12 05:24 PM, flood,3.3
2024-06-12 09:00 PM, slack,-
2024-06-13 12:00 AM, ebb,-4.5
2024-06-13 04:06 AM, slack,-
2024-06-13 06:12 AM, flood,2.2
2024-06-13 09:30 AM, slack,-
2024-06-13 11:54 AM, ebb,-3.0
2024-06-13 03:54 PM, slack,-
2024-06-13 06:12 PM, flood,2.7
2024-06-13 09:42 PM, slack,-
2024-06-14 12:42 AM, ebb,-4.3
2024-06-14 04:48 AM, slack,-
2024-06-14 07:18 AM, flood,2.2
2024-06-14 10:36 AM, slack,-
2024-06-14 02:06 PM, ebb,-2.9
2024-06-14 05:00 PM, slack,-
2024-06-14 07:18 PM, flood,2.6
2024-06-14 10:30 PM, slack,-
2024-06-15 01:24 AM, ebb,-4.4
2024-06-15 05:36 AM, slack,-
2024-06-15 09:00 AM, flood,2.4
2024-06-15 11:36 AM, slack,-
2024-06-15 03:18 PM, ebb,-3.3
2024-06-15 06:00 PM, slack,-
2024-06-15 08:18 PM, flood,2.8
2024-06-15 11:24 PM, slack,-
2024-06-16 02:12 AM, ebb,-4.8
2024-06-16 06:24 AM, slack,-
2024-06-16 10:12 AM, flood,2.9
2024-06-16 12:30 PM, slack,-
2024-06-16 04:12 PM, ebb,-3.9
2024-06-16 06:54 PM, slack,-
2024-06-16 09:18 PM, flood,3.3
2024-06-17 12:18 AM, slack,-
2024-06-17 03:00 AM, ebb,-5.4
2024-06-17 07:12 AM, slack,-
2024-06-17 10:54 AM, flood,3.5
2024-06-17 01:24 PM, slack,-
2024-06-17 05:00 PM, ebb,-4.4
2024-06-17 07:42 PM, slack,-
2024-06-17 10:12 PM, flood,3.8
2024-06-18 01:00 AM, slack,-
2024-06-18 03:48 AM, ebb,-6.2
2024-06-18 07:48 AM, slack,-
2024-06-18 11:18 AM, flood,4.2
2024-06-18 02:12 PM, slack,-
2024-06-18 05:42 PM, ebb,-4.7
2024-06-18 08:30 PM, slack,-
2024-06-18 11:00 PM, flood,4.0
2024-06-19 01:42 AM, slack,-
2024-06-19 04:30 AM, ebb,-7.0
2024-06-19 08:30 AM, slack,-
2024-06-19 11:36 AM, flood,5.1
2024-06-19 03:00 PM, slack,-
2024-06-19 06:18 PM, ebb,-4.9
2024-06-19 09:18 PM, slack,-
2024-06-19 11:36 PM, flood,4.0
2024-06-20 02:18 AM, slack,-
2024-06-20 05:12 AM, ebb,-7.6
2024-06-20 09:06 AM, slack,-
2024-06-20 12:06 PM, flood,5.9
2024-06-20 03:48 PM, slack,-
2024-06-20 07:00 PM, ebb,-5.1
2024-06-20 10:12 PM, slack,-
2024-06-21 12:18 AM, flood,3.8
2024-06-21 02:54 AM, slack,-
2024-06-21 05:54 AM, ebb,-8.0
2024-06-21 09:42 AM, slack,-
2024-06-21 12:42 PM, flood,6.6
2024-06-21 04:36 PM, slack,-
2024-06-21 07:36 PM, ebb,-5.3
2024-06-21 11:00 PM, slack,-
2024-06-22 01:00 AM, flood,3.4
2024-06-22 03:36 AM, slack,-
2024-06-22 06:42 AM, ebb,-8.1
2024-06-22 10:24 AM, slack,-
2024-06-22 01:24 PM, flood,7.0
2024-06-22 05:18 PM, slack,-
2024-06-22 08:18 PM, ebb,-5.5
2024-06-22 11:54 PM, slack,-
2024-06-23 01:48 AM, flood,3.1
2024-06-23 04:18 AM, slack,-
2024-06-23 07:24 AM, ebb,-7.8
2024-06-23 11:00 AM, slack,-
2024-06-23 02:06 PM, flood,7.2
2024-06-23 06:00 PM, slack,-
2024-06-23 08:48 PM, ebb,-5.8
2024-06-24 12:42 AM, slack,-
2024-06-24 02:36 AM, flood,3.0
2024-06-24 05:06 AM, slack,-
2024-06-24 08:12 AM, ebb,-7.4
2024-06-24 11:42 AM, slack,-
2024-06-24 02:48 PM, flood,7.1
2024-06-24 06:36 PM, slack,-
2024-06-24 09:24 PM, ebb,-6.2
2024-06-25 01:24 AM, slack,-
2024-06-25 03:30 AM, flood,3.1
2024-06-25 06:06 AM, slack,-
2024-06-25 09:06 AM, ebb,-6.8
2024-06-25 12:30 PM, slack,-
2024-06-25 03:36 PM, flood,6.6
2024-06-25 07:18 PM, slack,-
2024-06-25 10:00 PM, ebb,-6.3
2024-06-26 02:12 AM, slack,-
2024-06-26 04:12 AM, flood,3.2
2024-06-26 07:06 AM, slack,-
2024-06-26 10:00 AM, ebb,-6.1
2024-06-26 01:24 PM, slack,-
2024-06-26 04:24 PM, flood,6.0
2024-06-26 08:00 PM, slack,-
2024-06-26 10:42 PM, ebb,-6.3
2024-06-27 03:00 AM, slack,-
2024-06-27 05:06 AM, flood,3.2
2024-06-27 08:12 AM, slack,-
2024-06-27 10:54 AM, ebb,-5.3
2024-06-27 02:30 PM, slack,-
2024-06-27 05:18 PM, flood,5.2
2024-06-27 08:48 PM, slack,-
2024-06-27 11:36 PM, ebb,-6.1
2024-06-28 03:54 AM, slack,-
2024-06-28 06:12 AM, flood,3.1
2024-06-28 09:24 AM, slack,-
2024-06-28 12:00 PM, ebb,-4.6
2024-06-28 03:42 PM, slack,-
2024-06-28 06:18 PM, flood,4.6
2024-06-28 09:42 PM, slack,-
2024-06-29 12:36 AM, ebb,-6.0
2024-06-29 04:54 AM, slack,-
2024-06-29 07:48 AM, flood,3.1
2024-06-29 10:42 AM, slack,-
2024-06-29 01:30 PM, ebb,-4.3
2024-06-29 04:54 PM, slack,-
2024-06-29 07:30 PM, flood,4.4
2024-06-29 10:48 PM, slack,-
2024-06-30 01:48 AM, ebb,-6.1
2024-06-30 06:00 AM, slack,-
2024-06-30 09:36 AM, flood,3.7
2024-06-30 12:00 PM, slack,-
2024-06-30 03:06 PM, ebb,-4.5
2024-06-30 06:00 PM, slack,-
2024-06-30 08:42 PM, flood,4.6
2024-06-30 11:48 PM, slack,-
2024-07-01 02:54 AM, ebb,-6.6
2024-07-01 07:00 AM, slack,-
2024-07-01 10:42 AM, flood,4.7
2024-07-01 01:06 PM, slack,-
2024-07-01 04:24 PM, ebb,-5.1
2024-07-01 07:00 PM, slack,-
2024-07-01 09:54 PM, flood,4.8
2024-07-02 12:42 AM, slack,-
2024-07-02 04:00 AM, ebb,-7.3
2024-07-02 07:54 AM, slack,-
2024-07-02 11:36 AM, flood,5.6
2024-07-02 02:06 PM, slack,-
2024-07-02 05:24 PM, ebb,-5.6
2024-07-02 08:00 PM, slack,-
2024-07-02 11:00 PM, flood,5.0
2024-07-03 01:30 AM, slack,-
2024-07-03 04:48 AM, ebb,-7.8
2024-07-03 08:42 AM, slack,-
2024-07-03 12:24 PM, flood,6.4
2024-07-03 03:00 PM, slack,-
2024-07-03 06:12 PM, ebb,-6.0
2024-07-03 09:00 PM, slack,-
2024-07-03 11:48 PM, flood,4.9
2024-07-04 02:18 AM, slack,-
2024-07-04 05:36 AM, ebb,-7.9
2024-07-04 09:24 AM, slack,-
2024-07-04 01:12 PM, flood,6.7
2024-07-04 03:54 PM, slack,-
2024-07-04 07:06 PM, ebb,-6.2
2024-07-04 09:54 PM, slack,-
2024-07-05 12:36 AM, flood,4.5
2024-07-05 03:06 AM, slack,-
2024-07-05 06:12 AM, ebb,-7.7
2024-07-05 10:06 AM, slack,-
2024-07-05 01:48 PM, flood,6.7
2024-07-05 04:36 PM, slack,-
2024-07-05 08:00 PM, ebb,-6.3
2024-07-05 10:48 PM, slack,-
2024-07-06 01:18 AM, flood,4.0
2024-07-06 03:54 AM, slack,-
2024-07-06 06:54 AM, ebb,-7.1
2024-07-06 10:42 AM, slack,-
2024-07-06 02:30 PM, flood,6.4
2024-07-06 05:18 PM, slack,-
2024-07-06 08:48 PM, ebb,-6.2
2024-07-06 11:42 PM, slack,-
2024-07-07 02:12 AM, flood,3.6
2024-07-07 04:42 AM, slack,-
2024-07-07 07:36 AM, ebb,-6.3
2024-07-07 11:24 AM, slack,-
2024-07-07 03:00 PM, flood,5.7
2024-07-07 05:54 PM, slack,-
2024-07-07 09:24 PM, ebb,-6.1
2024-07-08 12:24 AM, slack,-
2024-07-08 03:00 AM, flood,3.4
2024-07-08 05:30 AM, slack,-
2024-07-08 08:24 AM, ebb,-5.6
2024-07-08 12:06 PM, slack,-
2024-07-08 03:18 PM, flood,5.0
2024-07-08 06:30 PM, slack,-
2024-07-08 09:54 PM, ebb,-5.7
2024-07-09 01:06 AM, slack,-
2024-07-09 03:36 AM, flood,3.2
2024-07-09 06:24 AM, slack,-
2024-07-09 09:06 AM, ebb,-5.0
2024-07-09 12:48 PM, slack,-
2024-07-09 03:36 PM, flood,4.4
2024-07-09 07:00 PM, slack,-
2024-07-09 10:00 PM, ebb,-5.4
2024-07-10 01:48 AM, slack,-
2024-07-10 04:06 AM, flood,3.1
2024-07-10 07:12 AM, slack,-
2024-07-10 09:48 AM, ebb,-4.5
2024-07-10 01:42 PM, slack,-
2024-07-10 04:06 PM, flood,3.8
2024-07-10 07:36 PM, slack,-
2024-07-10 10:18 PM, ebb,-5.1
2024-07-11 02:24 AM, slack,-
2024-07-11 04:36 AM, flood,3.0
2024-07-11 08:00 AM, slack,-
2024-07-11 10:30 AM, ebb,-4.0
2024-07-11 02:30 PM, slack,-
2024-07-11 04:48 PM, flood,3.4
2024-07-11 08:12 PM, slack,-
2024-07-11 10:48 PM, ebb,-4.9
2024-07-12 03:06 AM, slack,-
2024-07-12 05:12 AM, flood,2.8
2024-07-12 08:48 AM, slack,-
2024-07-12 11:24 AM, ebb,-3.6
2024-07-12 03:24 PM, slack,-
2024-07-12 05:42 PM, flood,3.1
2024-07-12 08:54 PM, slack,-
2024-07-12 11:36 PM, ebb,-4.7
2024-07-13 03:54 AM, slack,-
2024-07-13 06:00 AM, flood,2.6
2024-07-13 09:42 AM, slack,-
2024-07-13 12:30 PM, ebb,-3.3
2024-07-13 04:24 PM, slack,-
2024-07-13 06:42 PM, flood,3.0
2024-07-13 09:48 PM, slack,-
2024-07-14 12:30 AM, ebb,-4.7
2024-07-14 04:48 AM, slack,-
2024-07-14 07:00 AM, flood,2.5
2024-07-14 10:48 AM, slack,-
2024-07-14 02:24 PM, ebb,-3.4
2024-07-14 05:24 PM, slack,-
2024-07-14 07:42 PM, flood,3.1
2024-07-14 10:42 PM, slack,-
2024-07-15 01:30 AM, ebb,-5.0
2024-07-15 05:42 AM, slack,-
2024-07-15 08:06 AM, flood,2.8
2024-07-15 12:00 PM, slack,-
2024-07-15 03:42 PM, ebb,-3.7
2024-07-15 06:24 PM, slack,-
2024-07-15 08:36 PM, flood,3.2
2024-07-15 11:36 PM, slack,-
2024-07-16 02:24 AM, ebb,-5.6
2024-07-16 06:30 AM, slack,-
2024-07-16 10:12 AM, flood,3.5
2024-07-16 01:00 PM, slack,-
2024-07-16 04:42 PM, ebb,-4.2
2024-07-16 07:18 PM, slack,-
2024-07-16 09:36 PM, flood,3.3
2024-07-17 12:24 AM, slack,-
2024-07-17 03:12 AM, ebb,-6.4
2024-07-17 07:12 AM, slack,-
2024-07-17 10:48 AM, flood,4.5
2024-07-17 01:54 PM, slack,-
2024-07-17 05:24 PM, ebb,-4.7
2024-07-17 08:12 PM, slack,-
2024-07-17 10:30 PM, flood,3.3
2024-07-18 01:06 AM, slack,-
2024-07-18 04:00 AM, ebb,-7.0
2024-07-18 07:54 AM, slack,-
2024-07-18 11:12 AM, flood,5.6
2024-07-18 02:42 PM, slack,-
2024-07-18 06:06 PM, ebb,-5.1
2024-07-18 09:06 PM, slack,-
2024-07-18 11:18 PM, flood,3.3
2024-07-19 01:48 AM, slack,-
2024-07-19 04:48 AM, ebb,-7.5
2024-07-19 08:30 AM, slack,-
2024-07-19 11:42 AM, flood,6.4
2024-07-19 03:24 PM, slack,-
2024-07-19 06:36 PM, ebb,-5.4
2024-07-19 09:54 PM, slack,-
2024-07-20 12:00 AM, flood,3.3
2024-07-20 02:30 AM, slack,-
2024-07-20 05:30 AM, ebb,-7.6
2024-07-20 09:12 AM, slack,-
2024-07-20 12:18 PM, flood,6.9
2024-07-20 04:06 PM, slack,-
2024-07-20 07:06 PM, ebb,-5.8
2024-07-20 10:42 PM, slack,-
2024-07-21 12:42 AM, flood,3.3
2024-07-21 03:18 AM, slack,-
2024-07-21 06:18 AM, ebb,-7.5
2024-07-21 09:54 AM, slack,-
2024-07-21 12:54 PM, flood,7.1
2024-07-21 04:42 PM, slack,-
2024-07-21 07:36 PM, ebb,-6.2
2024-07-21 11:24 PM, slack,-
2024-07-22 01:30 AM, flood,3.5
2024-07-22 04:12 AM, slack,-
2024-07-22 07:06 AM, ebb,-7.2
2024-07-22 10:42 AM, slack,-
2024-07-22 01:36 PM, flood,6.9
2024-07-22 05:18 PM, slack,-
2024-07-22 08:12 PM, ebb,-6.5
2024-07-23 12:06 AM, slack,-
2024-07-23 02:18 AM, flood,3.7
2024-07-23 05:12 AM, slack,-
2024-07-23 08:00 AM, ebb,-6.8
2024-07-23 11:30 AM, slack,-
2024-07-23 02:24 PM, flood,6.6
2024-07-23 06:00 PM, slack,-
2024-07-23 08:48 PM, ebb,-6.8
2024-07-24 12:48 AM, slack,-
2024-07-24 03:06 AM, flood,4.0
2024-07-24 06:06 AM, slack,-
2024-07-24 08:54 AM, ebb,-6.4
2024-07-24 12:24 PM, slack,-
2024-07-24 03:12 PM, flood,6.2
2024-07-24 06:42 PM, slack,-
2024-07-24 09:30 PM, ebb,-7.0
2024-07-25 01:30 AM, slack,-
2024-07-25 03:54 AM, flood,4.1
2024-07-25 07:06 AM, slack,-
2024-07-25 09:48 AM, ebb,-6.0
2024-07-25 01:24 PM, slack,-
2024-07-25 04:06 PM, flood,5.7
2024-07-25 07:24 PM, slack,-
2024-07-25 10:12 PM, ebb,-6.8
2024-07-26 02:18 AM, slack,-
2024-07-26 04:42 AM, flood,3.9
2024-07-26 08:06 AM, slack,-
2024-07-26 10:42 AM, ebb,-5.4
2024-07-26 02:24 PM, slack,-
2024-07-26 05:00 PM, flood,5.2
2024-07-26 08:18 PM, slack,-
2024-07-26 11:06 PM, ebb,-6.5
2024-07-27 03:18 AM, slack,-
2024-07-27 05:48 AM, flood,3.5
2024-07-27 09:12 AM, slack,-
2024-07-27 11:48 AM, ebb,-4.7
2024-07-27 03:24 PM, slack,-
2024-07-27 06:00 PM, flood,4.7
2024-07-27 09:18 PM, slack,-
2024-07-28 12:06 AM, ebb,-6.2
2024-07-28 04:24 AM, slack,-
2024-07-28 07:48 AM, flood,3.4
2024-07-28 10:24 AM, slack,-
2024-07-28 01:30 PM, ebb,-4.3
2024-07-28 04:36 PM, slack,-
2024-07-28 07:12 PM, flood,4.4
2024-07-28 10:18 PM, slack,-
2024-07-29 01:18 AM, ebb,-6.3
2024-07-29 05:36 AM, slack,-
2024-07-29 09:24 AM, flood,4.0
2024-07-29 11:42 AM, slack,-
2024-07-29 03:00 PM, ebb,-4.5
2024-07-29 05:42 PM, slack,-
2024-07-29 08:24 PM, flood,4.2
2024-07-29 11:18 PM, slack,-
2024-07-30 02:30 AM, ebb,-6.6
2024-07-30 06:36 AM, slack,-
2024-07-30 10:30 AM, flood,5.0
2024-07-30 12:54 PM, slack,-
2024-07-30 04:12 PM, ebb,-5.0
2024-07-30 06:48 PM, slack,-
2024-07-30 09:42 PM, flood,4.2
2024-07-31 12:18 AM, slack,-
2024-07-31 03:36 AM, ebb,-6.9
2024-07-31 07:30 AM, slack,-
2024-07-31 11:18 AM, flood,5.9
2024-07-31 01:54 PM, slack,-
2024-07-31 05:12 PM, ebb,-5.7
2024-07-31 07:54 PM, slack,-
2024-07-31 10:48 PM, flood,4.2
2024-08-01 01:12 AM, slack,-
2024-08-01 04:36 AM, ebb,-7.1
2024-08-01 08:12 AM, slack,-
2024-08-01 12:06 PM, flood,6.6
2024-08-01 02:42 PM, slack,-
2024-08-01 06:00 PM, ebb,-6.2
2024-08-01 08:54 PM, slack,-
2024-08-01 11:42 PM, flood,4.2
2024-08-02 02:00 AM, slack,-
2024-08-02 05:18 AM, ebb,-7.0
2024-08-02 08:54 AM, slack,-
2024-08-02 12:42 PM, flood,6.6
2024-08-02 03:24 PM, slack,-
2024-08-02 06:48 PM, ebb,-6.5
2024-08-02 09:42 PM, slack,-
2024-08-03 12:30 AM, flood,4.1
2024-08-03 02:48 AM, slack,-
2024-08-03 06:00 AM, ebb,-6.6
2024-08-03 09:36 AM, slack,-
2024-08-03 01:18 PM, flood,6.2
2024-08-03 04:06 PM, slack,-
2024-08-03 07:30 PM, ebb,-6.5
2024-08-03 10:30 PM, slack,-
2024-08-04 01:18 AM, flood,4.0
2024-08-04 03:42 AM, slack,-
2024-08-04 06:42 AM, ebb,-6.0
2024-08-04 10:18 AM, slack,-
2024-08-04 01:54 PM, flood,5.6
2024-08-04 04:42 PM, slack,-
2024-08-04 08:12 PM, ebb,-6.3
2024-08-04 11:12 PM, slack,-
2024-08-05 02:00 AM, flood,3.9
2024-08-05 04:30 AM, slack,-
2024-08-05 07:24 AM, ebb,-5.5
2024-08-05 11:00 AM, slack,-
2024-08-05 02:12 PM, flood,4.9
2024-08-05 05:12 PM, slack,-
2024-08-05 08:36 PM, ebb,-5.9
2024-08-05 11:48 PM, slack,-
2024-08-06 02:30 AM, flood,3.8
2024-08-06 05:18 AM, slack,-
2024-08-06 08:12 AM, ebb,-5.1
2024-08-06 11:48 AM, slack,-
2024-08-06 02:30 PM, flood,4.3
2024-08-06 05:42 PM, slack,-
2024-08-06 08:48 PM, ebb,-5.7
2024-08-07 12:24 AM, slack,-
2024-08-07 02:54 AM, flood,3.8
2024-08-07 06:06 AM, slack,-
2024-08-07 08:54 AM, ebb,-4.9
2024-08-07 12:30 PM, slack,-
2024-08-07 03:06 PM, flood,4.0
2024-08-07 06:18 PM, slack,-
2024-08-07 09:06 PM, ebb,-5.6
2024-08-08 12:54 AM, slack,-
2024-08-08 03:24 AM, flood,3.8
2024-08-08 06:48 AM, slack,-
2024-08-08 09:30 AM, ebb,-4.8
2024-08-08 01:18 PM, slack,-
2024-08-08 03:42 PM, flood,3.9
2024-08-08 06:54 PM, slack,-
2024-08-08 09:36 PM, ebb,-5.5
2024-08-09 01:30 AM, slack,-
2024-08-09 03:54 AM, flood,3.7
2024-08-09 07:24 AM, slack,-
2024-08-09 10:06 AM, ebb,-4.6
2024-08-09 02:06 PM, slack,-
2024-08-09 04:24 PM, flood,3.8
2024-08-09 07:30 PM, slack,-
2024-08-09 10:12 PM, ebb,-5.5
2024-08-10 02:12 AM, slack,-
2024-08-10 04:30 AM, flood,3.5
2024-08-10 08:12 AM, slack,-
2024-08-10 10:54 AM, ebb,-4.2
2024-08-10 02:54 PM, slack,-
2024-08-10 05:12 PM, flood,3.6
2024-08-10 08:18 PM, slack,-
2024-08-10 11:00 PM, ebb,-5.3
2024-08-11 03:00 AM, slack,-
2024-08-11 05:18 AM, flood,3.2
2024-08-11 09:06 AM, slack,-
2024-08-11 11:48 AM, ebb,-3.7
2024-08-11 03:48 PM, slack,-
2024-08-11 06:06 PM, flood,3.3
2024-08-11 09:06 PM, slack,-
2024-08-11 11:48 PM, ebb,-5.3
2024-08-12 04:00 AM, slack,-
2024-08-12 06:18 AM, flood,3.1
2024-08-12 10:18 AM, slack,-
2024-08-12 01:30 PM, ebb,-3.4
2024-08-12 04:54 PM, slack,-
2024-08-12 07:00 PM, flood,3.0
2024-08-12 09:54 PM, slack,-
2024-08-13 12:48 AM, ebb,-5.5
2024-08-13 04:54 AM, slack,-
2024-08-13 07:24 AM, flood,3.4
2024-08-13 11:30 AM, slack,-
2024-08-13 03:18 PM, ebb,-3.6
2024-08-13 06:00 PM, slack,-
2024-08-13 08:00 PM, flood,2.7
2024-08-13 10:48 PM, slack,-
2024-08-14 01:42 AM, ebb,-5.8
2024-08-14 05:48 AM, slack,-
2024-08-14 08:30 AM, flood,4.1
2024-08-14 12:36 PM, slack,-
2024-08-14 04:24 PM, ebb,-4.2
2024-08-14 07:06 PM, slack,-
2024-08-14 09:06 PM, flood,2.5
2024-08-14 11:42 PM, slack,-
2024-08-15 02:36 AM, ebb,-6.2
2024-08-15 06:30 AM, slack,-
2024-08-15 09:42 AM, flood,5.0
2024-08-15 01:30 PM, slack,-
2024-08-15 05:06 PM, ebb,-4.9
2024-08-15 08:00 PM, slack,-
2024-08-15 10:06 PM, flood,2.6
2024-08-16 12:36 AM, slack,-
2024-08-16 03:30 AM, ebb,-6.5
2024-08-16 07:18 AM, slack,-
2024-08-16 10:36 AM, flood,5.8
2024-08-16 02:12 PM, slack,-
2024-08-16 05:42 PM, ebb,-5.5
2024-08-16 08:48 PM, slack,-
2024-08-16 11:06 PM, flood,2.9
2024-08-17 01:24 AM, slack,-
2024-08-17 04:18 AM, ebb,-6.7
2024-08-17 08:00 AM, slack,-
2024-08-17 11:12 AM, flood,6.4
2024-08-17 02:48 PM, slack,-
2024-08-17 06:06 PM, ebb,-6.0
2024-08-17 09:36 PM, slack,-
2024-08-17 11:48 PM, flood,3.3
2024-08-18 02:18 AM, slack,-
2024-08-18 05:12 AM, ebb,-6.8
2024-08-18 08:48 AM, slack,-
2024-08-18 11:48 AM, flood,6.6
2024-08-18 03:24 PM, slack,-
2024-08-18 06:24 PM, ebb,-6.4
2024-08-18 10:12 PM, slack,-
2024-08-19 12:30 AM, flood,3.8
2024-08-19 03:18 AM, slack,-
2024-08-19 06:00 AM, ebb,-6.7
2024-08-19 09:36 AM, slack,-
2024-08-19 12:30 PM, flood,6.5
2024-08-19 04:06 PM, slack,-
2024-08-19 06:54 PM, ebb,-6.8
2024-08-19 10:48 PM, slack,-
2024-08-20 01:12 AM, flood,4.3
2024-08-20 04:12 AM, slack,-
2024-08-20 06:54 AM, ebb,-6.6
2024-08-20 10:30 AM, slack,-
2024-08-20 01:18 PM, flood,6.3
2024-08-20 04:42 PM, slack,-
2024-08-20 07:30 PM, ebb,-7.1
2024-08-20 11:30 PM, slack,-
2024-08-21 02:00 AM, flood,4.6
2024-08-21 05:06 AM, slack,-
2024-08-21 07:48 AM, ebb,-6.5
2024-08-21 11:24 AM, slack,-
2024-08-21 02:06 PM, flood,6.0
2024-08-21 05:24 PM, slack,-
2024-08-21 08:18 PM, ebb,-7.3
2024-08-22 12:12 AM, slack,-
2024-08-22 02:48 AM, flood,4.8
2024-08-22 06:00 AM, slack,-
2024-08-22 08:48 AM, ebb,-6.4
2024-08-22 12:18 PM, slack,-
2024-08-22 03:00 PM, flood,5.9
2024-08-22 06:12 PM, slack,-
2024-08-22 09:06 PM, ebb,-7.4
2024-08-23 01:00 AM, slack,-
2024-08-23 03:36 AM, flood,4.7
2024-08-23 06:54 AM, slack,-
2024-08-23 09:42 AM, ebb,-6.0
2024-08-23 01:12 PM, slack,-
2024-08-23 03:48 PM, flood,5.6
2024-08-23 07:00 PM, slack,-
2024-08-23 09:54 PM, ebb,-7.3
2024-08-24 01:54 AM, slack,-
2024-08-24 04:30 AM, flood,4.3
2024-08-24 07:54 AM, slack,-
2024-08-24 10:36 AM, ebb,-5.4
2024-08-24 02:06 PM, slack,-
2024-08-24 04:42 PM, flood,5.2
2024-08-24 07:54 PM, slack,-
2024-08-24 10:42 PM, ebb,-7.0
2024-08-25 02:54 AM, slack,-
2024-08-25 05:36 AM, flood,3.9
2024-08-25 09:00 AM, slack,-
2024-08-25 11:48 AM, ebb,-4.6
2024-08-25 03:12 PM, slack,-
2024-08-25 05:42 PM, flood,4.6
2024-08-25 08:48 PM, slack,-
2024-08-25 11:36 PM, ebb,-6.6
2024-08-26 04:00 AM, slack,-
2024-08-26 07:42 AM, flood,3.9
2024-08-26 10:12 AM, slack,-
2024-08-26 01:36 PM, ebb,-4.3
2024-08-26 04:18 PM, slack,-
2024-08-26 06:48 PM, flood,3.9
2024-08-26 09:48 PM, slack,-
2024-08-27 12:48 AM, ebb,-6.3
2024-08-27 05:00 AM, slack,-
2024-08-27 09:00 AM, flood,4.4
2024-08-27 11:30 AM, slack,-
2024-08-27 02:54 PM, ebb,-4.6
2024-08-27 05:36 PM, slack,-
2024-08-27 08:06 PM, flood,3.4
2024-08-27 10:48 PM, slack,-
2024-08-28 02:00 AM, ebb,-6.1
2024-08-28 06:00 AM, slack,-
2024-08-28 10:00 AM, flood,5.2
2024-08-28 12:36 PM, slack,-
2024-08-28 04:00 PM, ebb,-5.3
2024-08-28 06:48 PM, slack,-
2024-08-28 09:36 PM, flood,3.3
2024-08-28 11:54 PM, slack,-
2024-08-29 03:12 AM, ebb,-6.0
2024-08-29 06:54 AM, slack,-
2024-08-29 10:54 AM, flood,5.8
2024-08-29 01:30 PM, slack,-
2024-08-29 04:54 PM, ebb,-6.0
2024-08-29 07:48 PM, slack,-
2024-08-29 10:48 PM, flood,3.5
2024-08-30 12:54 AM, slack,-
2024-08-30 04:24 AM, ebb,-5.9
2024-08-30 07:42 AM, slack,-
2024-08-30 11:36 AM, flood,6.0
2024-08-30 02:12 PM, slack,-
2024-08-30 05:42 PM, ebb,-6.5
2024-08-30 08:42 PM, slack,-
2024-08-30 11:42 PM, flood,3.9
2024-08-31 01:48 AM, slack,-
2024-08-31 05:18 AM, ebb,-5.7
2024-08-31 08:30 AM, slack,-
2024-08-31 12:18 PM, flood,5.8
2024-08-31 02:48 PM, slack,-
2024-08-31 06:24 PM, ebb,-6.6
2024-08-31 09:24 PM, slack,-
2024-09-01 12:24 AM, flood,4.2
2024-09-01 02:42 AM, slack,-
2024-09-01 06:00 AM, ebb,-5.5
2024-09-01 09:12 AM, slack,-
2024-09-01 12:48 PM, flood,5.2
2024-09-01 03:24 PM, slack,-
2024-09-01 06:54 PM, ebb,-6.4
2024-09-01 10:00 PM, slack,-
2024-09-02 01:00 AM, flood,4.3
2024-09-02 03:30 AM, slack,-
2024-09-02 06:42 AM, ebb,-5.3
2024-09-02 10:00 AM, slack,-
2024-09-02 01:06 PM, flood,4.6
2024-09-02 03:54 PM, slack,-
2024-09-02 07:12 PM, ebb,-6.0
2024-09-02 10:30 PM, slack,-
2024-09-03 01:30 AM, flood,4.3
2024-09-03 04:18 AM, slack,-
2024-09-03 07:24 AM, ebb,-5.1
2024-09-03 10:42 AM, slack,-
2024-09-03 01:24 PM, flood,4.2
2024-09-03 04:24 PM, slack,-
2024-09-03 07:24 PM, ebb,-5.8
2024-09-03 11:06 PM, slack,-
2024-09-04 01:48 AM, flood,4.3
2024-09-04 05:00 AM, slack,-
2024-09-04 08:00 AM, ebb,-5.1
2024-09-04 11:30 AM, slack,-
2024-09-04 01:54 PM, flood,4.0
2024-09-04 05:00 PM, slack,-
2024-09-04 07:48 PM, ebb,-5.8
2024-09-04 11:36 PM, slack,-
2024-09-05 02:12 AM, flood,4.3
2024-09-05 05:36 AM, slack,-
2024-09-05 08:36 AM, ebb,-5.1
2024-09-05 12:12 PM, slack,-
2024-09-05 02:36 PM, flood,4.1
2024-09-05 05:36 PM, slack,-
2024-09-05 08:24 PM, ebb,-5.9
2024-09-06 12:12 AM, slack,-
2024-09-06 02:42 AM, flood,4.3
2024-09-06 06:18 AM, slack,-
2024-09-06 09:12 AM, ebb,-5.1
2024-09-06 12:54 PM, slack,-
2024-09-06 03:18 PM, flood,4.2
2024-09-06 06:18 PM, slack,-
2024-09-06 09:00 PM, ebb,-6.1
2024-09-07 12:48 AM, slack,-
2024-09-07 03:18 AM, flood,4.3
2024-09-07 07:00 AM, slack,-
2024-09-07 09:48 AM, ebb,-4.9
2024-09-07 01:36 PM, slack,-
2024-09-07 04:00 PM, flood,4.1
2024-09-07 06:54 PM, slack,-
2024-09-07 09:42 PM, ebb,-6.2
2024-09-08 01:30 AM, slack,-
2024-09-08 04:06 AM, flood,4.2
2024-09-08 07:48 AM, slack,-
2024-09-08 10:30 AM, ebb,-4.5
2024-09-08 02:30 PM, slack,-
2024-09-08 04:42 PM, flood,3.8
2024-09-08 07:36 PM, slack,-
2024-09-08 10:24 PM, ebb,-6.2
2024-09-09 02:18 AM, slack,-
2024-09-09 04:48 AM, flood,4.1
2024-09-09 08:48 AM, slack,-
2024-09-09 11:24 AM, ebb,-3.9
2024-09-09 03:24 PM, slack,-
2024-09-09 05:30 PM, flood,3.1
2024-09-09 08:18 PM, slack,-
2024-09-09 11:12 PM, ebb,-6.1
2024-09-10 03:06 AM, slack,-
2024-09-10 05:48 AM, flood,4.1
2024-09-10 09:54 AM, slack,-
2024-09-10 01:00 PM, ebb,-3.5
2024-09-10 04:36 PM, slack,-
2024-09-10 06:30 PM, flood,2.4
2024-09-10 09:00 PM, slack,-
2024-09-11 12:06 AM, ebb,-5.9
2024-09-11 04:00 AM, slack,-
2024-09-11 06:48 AM, flood,4.4
2024-09-11 11:00 AM, slack,-
2024-09-11 02:48 PM, ebb,-3.9
2024-09-11 05:48 PM, slack,-
2024-09-11 07:36 PM, flood,1.9
2024-09-11 10:00 PM, slack,-
2024-09-12 01:06 AM, ebb,-5.7
2024-09-12 04:54 AM, slack,-
2024-09-12 07:48 AM, flood,4.8
2024-09-12 12:00 PM, slack,-
2024-09-12 03:54 PM, ebb,-4.6
2024-09-12 06:54 PM, slack,-
2024-09-12 08:42 PM, flood,1.8
2024-09-12 11:06 PM, slack,-
2024-09-13 02:00 AM, ebb,-5.6
2024-09-13 05:48 AM, slack,-
2024-09-13 08:48 AM, flood,5.2
2024-09-13 12:48 PM, slack,-
2024-09-13 04:36 PM, ebb,-5.3
2024-09-13 07:42 PM, slack,-
2024-09-13 09:54 PM, flood,2.2
2024-09-14 12:18 AM, slack,-
2024-09-14 03:00 AM, ebb,-5.6
2024-09-14 06:42 AM, slack,-
2024-09-14 09:48 AM, flood,5.5
2024-09-14 01:30 PM, slack,-
2024-09-14 05:00 PM, ebb,-5.9
2024-09-14 08:24 PM, slack,-
2024-09-14 11:00 PM, flood,3.0
2024-09-15 01:18 AM, slack,-
2024-09-15 04:00 AM, ebb,-5.7
2024-09-15 07:36 AM, slack,-
2024-09-15 10:42 AM, flood,5.8
2024-09-15 02:06 PM, slack,-
2024-09-15 05:18 PM, ebb,-6.5
2024-09-15 09:00 PM, slack,-
2024-09-15 11:42 PM, flood,3.9
2024-09-16 02:18 AM, slack,-
2024-09-16 05:00 AM, ebb,-6.0
2024-09-16 08:30 AM, slack,-
2024-09-16 11:24 AM, flood,5.9
2024-09-16 02:48 PM, slack,-
2024-09-16 05:42 PM, ebb,-7.0
2024-09-16 09:36 PM, slack,-
2024-09-17 12:18 AM, flood,4.6
2024-09-17 03:12 AM, slack,-
2024-09-17 05:54 AM, ebb,-6.2
2024-09-17 09:30 AM, slack,-
2024-09-17 12:12 PM, flood,5.9
2024-09-17 03:30 PM, slack,-
2024-09-17 06:18 PM, ebb,-7.3
2024-09-17 10:18 PM, slack,-
2024-09-18 01:00 AM, flood,5.1
2024-09-18 04:06 AM, slack,-
2024-09-18 06:48 AM, ebb,-6.3
2024-09-18 10:18 AM, slack,-
2024-09-18 01:00 PM, flood,5.9
2024-09-18 04:12 PM, slack,-
2024-09-18 07:06 PM, ebb,-7.6
2024-09-18 11:00 PM, slack,-
2024-09-19 01:42 AM, flood,5.2
2024-09-19 05:00 AM, slack,-
2024-09-19 07:42 AM, ebb,-6.3
2024-09-19 11:12 AM, slack,-
2024-09-19 01:48 PM, flood,5.9
2024-09-19 05:00 PM, slack,-
2024-09-19 07:54 PM, ebb,-7.7
2024-09-19 11:48 PM, slack,-
2024-09-20 02:36 AM, flood,5.2
2024-09-20 05:54 AM, slack,-
2024-09-20 08:42 AM, ebb,-6.2
2024-09-20 12:06 PM, slack,-
2024-09-20 02:42 PM, flood,5.8
2024-09-20 05:48 PM, slack,-
2024-09-20 08:42 PM, ebb,-7.8
2024-09-21 12:36 AM, slack,-
2024-09-21 03:30 AM, flood,5.1
2024-09-21 06:48 AM, slack,-
2024-09-21 09:36 AM, ebb,-5.9
2024-09-21 01:00 PM, slack,-
2024-09-21 03:36 PM, flood,5.5
2024-09-21 06:36 PM, slack,-
2024-09-21 09:30 PM, ebb,-7.8
2024-09-22 01:30 AM, slack,-
2024-09-22 04:24 AM, flood,4.8
2024-09-22 07:48 AM, slack,-
2024-09-22 10:36 AM, ebb,-5.3
2024-09-22 01:54 PM, slack,-
2024-09-22 04:24 PM, flood,4.9
2024-09-22 07:24 PM, slack,-
2024-09-22 10:18 PM, ebb,-7.4
2024-09-23 02:30 AM, slack,-
2024-09-23 05:42 AM, flood,4.6
2024-09-23 08:54 AM, slack,-
2024-09-23 12:00 PM, ebb,-4.7
2024-09-23 03:00 PM, slack,-
2024-09-23 05:18 PM, flood,4.0
2024-09-23 08:18 PM, slack,-
2024-09-23 11:12 PM, ebb,-6.7
2024-09-24 03:24 AM, slack,-
2024-09-24 07:18 AM, flood,4.6
2024-09-24 10:00 AM, slack,-
2024-09-24 01:30 PM, ebb,-4.6
2024-09-24 04:12 PM, slack,-
2024-09-24 06:30 PM, flood,3.1
2024-09-24 09:12 PM, slack,-
2024-09-25 12:12 AM, ebb,-5.9
2024-09-25 04:24 AM, slack,-
2024-09-25 08:24 AM, flood,4.8
2024-09-25 11:06 AM, slack,-
2024-09-25 02:36 PM, ebb,-5.0
2024-09-25 05:30 PM, slack,-
2024-09-25 08:00 PM, flood,2.6
2024-09-25 10:18 PM, slack,-
2024-09-26 01:24 AM, ebb,-5.1
2024-09-26 05:24 AM, slack,-
2024-09-26 09:30 AM, flood,4.9
2024-09-26 12:06 PM, slack,-
2024-09-26 03:36 PM, ebb,-5.6
2024-09-26 06:36 PM, slack,-
2024-09-26 09:30 PM, flood,2.7
2024-09-26 11:30 PM, slack,-
2024-09-27 02:54 AM, ebb,-4.7
2024-09-27 06:18 AM, slack,-
2024-09-27 10:24 AM, flood,5.0
2024-09-27 12:54 PM, slack,-
2024-09-27 04:30 PM, ebb,-6.1
2024-09-27 07:36 PM, slack,-
2024-09-27 10:36 PM, flood,3.3
2024-09-28 12:42 AM, slack,-
2024-09-28 04:18 AM, ebb,-4.6
2024-09-28 07:12 AM, slack,-
2024-09-28 11:06 AM, flood,4.9
2024-09-28 01:30 PM, slack,-
2024-09-28 05:12 PM, ebb,-6.3
2024-09-28 08:18 PM, slack,-
2024-09-28 11:30 PM, flood,3.9
2024-09-29 01:42 AM, slack,-
2024-09-29 05:12 AM, ebb,-4.8
2024-09-29 08:06 AM, slack,-
2024-09-29 11:48 AM, flood,4.5
2024-09-29 02:06 PM, slack,-
2024-09-29 05:48 PM, ebb,-6.2
2024-09-29 08:48 PM, slack,-
2024-09-30 12:06 AM, flood,4.4
2024-09-30 02:30 AM, slack,-
2024-09-30 06:00 AM, ebb,-4.9
2024-09-30 08:54 AM, slack,-
2024-09-30 12:12 PM, flood,4.2
2024-09-30 02:36 PM, slack,-
2024-09-30 06:06 PM, ebb,-6.0
2024-09-30 09:24 PM, slack,-
2024-10-01 12:36 AM, flood,4.5
2024-10-01 03:12 AM, slack,-
2024-10-01 06:36 AM, ebb,-5.1
2024-10-01 09:42 AM, slack,-
2024-10-01 12:30 PM, flood,4.0
2024-10-01 03:12 PM, slack,-
2024-10-01 06:12 PM, ebb,-5.9
2024-10-01 09:54 PM, slack,-
2024-10-02 12:54 AM, flood,4.5
2024-10-02 03:54 AM, slack,-
2024-10-02 07:06 AM, ebb,-5.1
2024-10-02 10:24 AM, slack,-
2024-10-02 12:48 PM, flood,4.0
2024-10-02 03:48 PM, slack,-
2024-10-02 06:36 PM, ebb,-6.0
2024-10-02 10:24 PM, slack,-
2024-10-03 01:06 AM, flood,4.5
2024-10-03 04:30 AM, slack,-
2024-10-03 07:36 AM, ebb,-5.2
2024-10-03 11:00 AM, slack,-
2024-10-03 01:24 PM, flood,4.2
2024-10-03 04:24 PM, slack,-
2024-10-03 07:06 PM, ebb,-6.2
2024-10-03 11:00 PM, slack,-
2024-10-04 01:36 AM, flood,4.6
2024-10-04 05:12 AM, slack,-
2024-10-04 08:12 AM, ebb,-5.2
2024-10-04 11:42 AM, slack,-
2024-10-04 02:06 PM, flood,4.3
2024-10-04 05:00 PM, slack,-
2024-10-04 07:48 PM, ebb,-6.5
2024-10-04 11:36 PM, slack,-
2024-10-05 02:12 AM, flood,4.7
2024-10-05 05:54 AM, slack,-
2024-10-05 08:48 AM, ebb,-5.2
2024-10-05 12:24 PM, slack,-
2024-10-05 02:48 PM, flood,4.3
2024-10-05 05:42 PM, slack,-
2024-10-05 08:30 PM, ebb,-6.9
2024-10-06 12:18 AM, slack,-
2024-10-06 02:54 AM, flood,5.0
2024-10-06 06:42 AM, slack,-
2024-10-06 09:30 AM, ebb,-5.0
2024-10-06 01:12 PM, slack,-
2024-10-06 03:30 PM, flood,4.0
2024-10-06 06:18 PM, slack,-
2024-10-06 09:12 PM, ebb,-7.1
2024-10-07 12:54 AM, slack,-
2024-10-07 03:42 AM, flood,5.2
2024-10-07 07:36 AM, slack,-
2024-10-07 10:12 AM, ebb,-4.6
2024-10-07 02:06 PM, slack,-
2024-10-07 04:12 PM, flood,3.4
2024-10-07 06:54 PM, slack,-
2024-10-07 09:54 PM, ebb,-7.0
2024-10-08 01:36 AM, slack,-
2024-10-08 04:24 AM, flood,5.4
2024-10-08 08:30 AM, slack,-
2024-10-08 11:00 AM, ebb,-4.3
2024-10-08 03:12 PM, slack,-
2024-10-08 05:06 PM, flood,2.6
2024-10-08 07:30 PM, slack,-
2024-10-08 10:42 PM, ebb,-6.6
2024-10-09 02:18 AM, slack,-
2024-10-09 05:18 AM, flood,5.4
2024-10-09 09:24 AM, slack,-
2024-10-09 12:18 PM, ebb,-4.0
2024-10-09 04:18 PM, slack,-
2024-10-09 06:00 PM, flood,1.8
2024-10-09 08:12 PM, slack,-
2024-10-09 11:30 PM, ebb,-5.9
2024-10-10 03:12 AM, slack,-
2024-10-10 06:12 AM, flood,5.3
2024-10-10 10:24 AM, slack,-
2024-10-10 02:06 PM, ebb,-4.3
2024-10-10 05:30 PM, slack,-
2024-10-10 07:06 PM, flood,1.5
2024-10-10 09:24 PM, slack,-
2024-10-11 12:30 AM, ebb,-5.2
2024-10-11 04:06 AM, slack,-
2024-10-11 07:12 AM, flood,5.1
2024-10-11 11:18 AM, slack,-
2024-10-11 02:54 PM, ebb,-4.9
2024-10-11 06:30 PM, slack,-
2024-10-11 08:18 PM, flood,1.7
2024-10-11 10:48 PM, slack,-
2024-10-12 01:36 AM, ebb,-4.8
2024-10-12 05:12 AM, slack,-
2024-10-12 08:12 AM, flood,5.0
2024-10-12 12:06 PM, slack,-
2024-10-12 03:30 PM, ebb,-5.5
2024-10-12 07:12 PM, slack,-
2024-10-12 09:42 PM, flood,2.5
2024-10-13 12:12 AM, slack,-
2024-10-13 02:42 AM, ebb,-4.8
2024-10-13 06:18 AM, slack,-
2024-10-13 09:12 AM, flood,5.0
2024-10-13 12:48 PM, slack,-
2024-10-13 04:00 PM, ebb,-6.1
2024-10-13 07:48 PM, slack,-
2024-10-13 10:48 PM, flood,3.6
2024-10-14 01:12 AM, slack,-
2024-10-14 03:54 AM, ebb,-5.1
2024-10-14 07:24 AM, slack,-
2024-10-14 10:12 AM, flood,5.1
2024-10-14 01:30 PM, slack,-
2024-10-14 04:36 PM, ebb,-6.7
2024-10-14 08:30 PM, slack,-
2024-10-14 11:36 PM, flood,4.5
2024-10-15 02:12 AM, slack,-
2024-10-15 04:54 AM, ebb,-5.6
2024-10-15 08:18 AM, slack,-
2024-10-15 11:06 AM, flood,5.3
2024-10-15 02:12 PM, slack,-
2024-10-15 05:12 PM, ebb,-7.3
2024-10-15 09:06 PM, slack,-
2024-10-16 12:12 AM, flood,5.1
2024-10-16 03:06 AM, slack,-
2024-10-16 05:48 AM, ebb,-6.0
2024-10-16 09:12 AM, slack,-
2024-10-16 11:54 AM, flood,5.6
2024-10-16 03:00 PM, slack,-
2024-10-16 05:54 PM, ebb,-7.7
2024-10-16 09:54 PM, slack,-
2024-10-17 12:54 AM, flood,5.4
2024-10-17 04:00 AM, slack,-
2024-10-17 06:42 AM, ebb,-6.2
2024-10-17 10:06 AM, slack,-
2024-10-17 12:42 PM, flood,5.8
2024-10-17 03:48 PM, slack,-
2024-10-17 06:42 PM, ebb,-8.0
2024-10-17 10:42 PM, slack,-
2024-10-18 01:42 AM, flood,5.6
2024-10-18 04:48 AM, slack,-
2024-10-18 07:42 AM, ebb,-6.1
2024-10-18 11:00 AM, slack,-
2024-10-18 01:36 PM, flood,5.8
2024-10-18 04:36 PM, slack,-
2024-10-18 07:30 PM, ebb,-8.2
2024-10-18 11:30 PM, slack,-
2024-10-19 02:42 AM, flood,5.6
2024-10-19 05:48 AM, slack,-
2024-10-19 08:42 AM, ebb,-5.9
2024-10-19 11:48 AM, slack,-
2024-10-19 02:24 PM, flood,5.6
2024-10-19 05:24 PM, slack,-
2024-10-19 08:24 PM, ebb,-8.3
2024-10-20 12:18 AM, slack,-
2024-10-20 03:36 AM, flood,5.7
2024-10-20 06:42 AM, slack,-
2024-10-20 09:42 AM, ebb,-5.7
2024-10-20 12:48 PM, slack,-
2024-10-20 03:18 PM, flood,5.0
2024-10-20 06:12 PM, slack,-
2024-10-20 09:06 PM, ebb,-8.0
2024-10-21 01:06 AM, slack,-
2024-10-21 04:30 AM, flood,5.6
2024-10-21 07:42 AM, slack,-
2024-10-21 10:42 AM, ebb,-5.4
2024-10-21 01:48 PM, slack,-
2024-10-21 04:06 PM, flood,4.2
2024-10-21 07:00 PM, slack,-
2024-10-21 09:54 PM, ebb,-7.4
2024-10-22 01:54 AM, slack,-
2024-10-22 05:30 AM, flood,5.4
2024-10-22 08:36 AM, slack,-
2024-10-22 11:54 AM, ebb,-5.1
2024-10-22 02:54 PM, slack,-
2024-10-22 05:06 PM, flood,3.2
2024-10-22 07:48 PM, slack,-
2024-10-22 10:42 PM, ebb,-6.4
2024-10-23 02:48 AM, slack,-
2024-10-23 06:42 AM, flood,5.0
2024-10-23 09:30 AM, slack,-
2024-10-23 01:12 PM, ebb,-5.1
2024-10-23 04:06 PM, slack,-
2024-10-23 06:18 PM, flood,2.4
2024-10-23 08:48 PM, slack,-
2024-10-23 11:36 PM, ebb,-5.1
2024-10-24 03:42 AM, slack,-
2024-10-24 07:42 AM, flood,4.6
2024-10-24 10:24 AM, slack,-
2024-10-24 02:12 PM, ebb,-5.3
2024-10-24 05:12 PM, slack,-
2024-10-24 08:00 PM, flood,2.2
2024-10-24 10:00 PM, slack,-
2024-10-25 12:48 AM, ebb,-4.0
2024-10-25 04:42 AM, slack,-
2024-10-25 08:42 AM, flood,4.1
2024-10-25 11:18 AM, slack,-
2024-10-25 03:06 PM, ebb,-5.5
2024-10-25 06:18 PM, slack,-
2024-10-25 09:18 PM, flood,2.5
2024-10-25 11:18 PM, slack,-
2024-10-26 02:48 AM, ebb,-3.6
2024-10-26 05:48 AM, slack,-
2024-10-26 09:42 AM, flood,3.8
2024-10-26 12:00 PM, slack,-
2024-10-26 03:54 PM, ebb,-5.6
2024-10-26 07:00 PM, slack,-
2024-10-26 10:18 PM, flood,3.2
2024-10-27 12:30 AM, slack,-
2024-10-27 04:12 AM, ebb,-3.9
2024-10-27 06:48 AM, slack,-
2024-10-27 10:30 AM, flood,3.5
2024-10-27 12:42 PM, slack,-
2024-10-27 04:36 PM, ebb,-5.6
2024-10-27 07:36 PM, slack,-
2024-10-27 11:06 PM, flood,3.8
2024-10-28 01:24 AM, slack,-
2024-10-28 05:06 AM, ebb,-4.3
2024-10-28 07:42 AM, slack,-
2024-10-28 11:12 AM, flood,3.5
2024-10-28 01:18 PM, slack,-
2024-10-28 05:00 PM, ebb,-5.5
2024-10-28 08:12 PM, slack,-
2024-10-28 11:48 PM, flood,4.2
2024-10-29 02:06 AM, slack,-
2024-10-29 05:42 AM, ebb,-4.7
2024-10-29 08:30 AM, slack,-
2024-10-29 11:36 AM, flood,3.6
2024-10-29 01:54 PM, slack,-
2024-10-29 05:12 PM, ebb,-5.6
2024-10-29 08:42 PM, slack,-
2024-10-30 12:12 AM, flood,4.3
2024-10-30 02:48 AM, slack,-
2024-10-30 06:18 AM, ebb,-5.0
2024-10-30 09:12 AM, slack,-
2024-10-30 11:54 AM, flood,3.9
2024-10-30 02:36 PM, slack,-
2024-10-30 05:30 PM, ebb,-5.9
2024-10-30 09:18 PM, slack,-
2024-10-31 12:18 AM, flood,4.4
2024-10-31 03:30 AM, slack,-
2024-10-31 06:48 AM, ebb,-5.1
2024-10-31 09:54 AM, slack,-
2024-10-31 12:18 PM, flood,4.2
2024-10-31 03:12 PM, slack,-
2024-10-31 06:00 PM, ebb,-6.4
2024-10-31 09:54 PM, slack,-
2024-11-01 12:36 AM, flood,4.7
2024-11-01 04:06 AM, slack,-
2024-11-01 07:12 AM, ebb,-5.1
2024-11-01 10:30 AM, slack,-
2024-11-01 12:54 PM, flood,4.4
2024-11-01 03:48 PM, slack,-
2024-11-01 06:36 PM, ebb,-6.9
2024-11-01 10:30 PM, slack,-
2024-11-02 01:06 AM, flood,5.0
2024-11-02 04:54 AM, slack,-
2024-11-02 07:54 AM, ebb,-5.1
2024-11-02 11:18 AM, slack,-
2024-11-02 01:36 PM, flood,4.4
2024-11-02 04:24 PM, slack,-
2024-11-02 07:18 PM, ebb,-7.3
2024-11-02 11:06 PM, slack,-
2024-11-03 01:00 AM, flood,5.4
2024-11-03 04:36 AM, slack,-
2024-11-03 07:36 AM, ebb,-5.1
2024-11-03 11:06 AM, slack,-
2024-11-03 01:18 PM, flood,4.0
2024-11-03 04:00 PM, slack,-
2024-11-03 07:00 PM, ebb,-7.6
2024-11-03 10:42 PM, slack,-
2024-11-04 01:36 AM, flood,5.9
2024-11-04 05:30 AM, slack,-
2024-11-04 08:18 AM, ebb,-5.0
2024-11-04 12:00 PM, slack,-
2024-11-04 02:06 PM, flood,3.5
2024-11-04 04:36 PM, slack,-
2024-11-04 07:42 PM, ebb,-7.6
2024-11-04 11:18 PM, slack,-
2024-11-05 02:18 AM, flood,6.3
2024-11-05 06:18 AM, slack,-
2024-11-05 09:00 AM, ebb,-5.0
2024-11-05 12:54 PM, slack,-
2024-11-05 02:48 PM, flood,2.9
2024-11-05 05:12 PM, slack,-
2024-11-05 08:24 PM, ebb,-7.3
2024-11-06 12:00 AM, slack,-
2024-11-06 03:00 AM, flood,6.4
2024-11-06 07:06 AM, slack,-
2024-11-06 09:42 AM, ebb,-4.9
2024-11-06 01:54 PM, slack,-
2024-11-06 03:36 PM, flood,2.2
2024-11-06 05:54 PM, slack,-
2024-11-06 09:12 PM, ebb,-6.6
2024-11-07 12:42 AM, slack,-
2024-11-07 03:48 AM, flood,6.2
2024-11-07 07:48 AM, slack,-
2024-11-07 10:30 AM, ebb,-4.9
2024-11-07 02:54 PM, slack,-
2024-11-07 04:30 PM, flood,1.8
2024-11-07 06:54 PM, slack,-
2024-11-07 10:06 PM, ebb,-5.7
2024-11-08 01:30 AM, slack,-
2024-11-08 04:36 AM, flood,5.6
2024-11-08 08:36 AM, slack,-
2024-11-08 11:30 AM, ebb,-4.9
2024-11-08 03:54 PM, slack,-
2024-11-08 05:36 PM, flood,1.7
2024-11-08 08:12 PM, slack,-
2024-11-08 11:06 PM, ebb,-4.7
2024-11-09 02:36 AM, slack,-
2024-11-09 05:36 AM, flood,5.0
2024-11-09 09:24 AM, slack,-
2024-11-09 12:24 PM, ebb,-5.2
2024-11-09 04:48 PM, slack,-
2024-11-09 06:54 PM, flood,2.1
2024-11-09 09:42 PM, slack,-
2024-11-10 12:18 AM, ebb,-4.2
2024-11-10 03:48 AM, slack,-
2024-11-10 06:36 AM, flood,4.6
2024-11-10 10:18 AM, slack,-
2024-11-10 01:18 PM, ebb,-5.7
2024-11-10 05:30 PM, slack,-
2024-11-10 08:24 PM, flood,2.9
2024-11-10 11:00 PM, slack,-
2024-11-11 01:30 AM, ebb,-4.3
2024-11-11 05:06 AM, slack,-
2024-11-11 07:42 AM, flood,4.5
2024-11-11 11:12 AM, slack,-
2024-11-11 02:06 PM, ebb,-6.2
2024-11-11 06:18 PM, slack,-
2024-11-11 09:36 PM, flood,3.9
2024-11-12 12:06 AM, slack,-
2024-11-12 02:48 AM, ebb,-4.8
2024-11-12 06:06 AM, slack,-
2024-11-12 08:54 AM, flood,4.7
2024-11-12 12:00 PM, slack,-
2024-11-12 03:00 PM, ebb,-6.9
2024-11-12 07:00 PM, slack,-
2024-11-12 10:30 PM, flood,4.8
2024-11-13 01:00 AM, slack,-
2024-11-13 03:54 AM, ebb,-5.4
2024-11-13 07:06 AM, slack,-
2024-11-13 09:54 AM, flood,5.2
2024-11-13 12:48 PM, slack,-
2024-11-13 03:48 PM, ebb,-7.6
2024-11-13 07:48 PM, slack,-
2024-11-13 11:12 PM, flood,5.4
2024-11-14 01:54 AM, slack,-
2024-11-14 04:54 AM, ebb,-5.8
2024-11-14 08:00 AM, slack,-
2024-11-14 10:42 AM, flood,5.6
2024-11-14 01:36 PM, slack,-
2024-11-14 04:36 PM, ebb,-8.1
2024-11-14 08:36 PM, slack,-
2024-11-15 12:00 AM, flood,5.8
2024-11-15 02:48 AM, slack,-
2024-11-15 05:42 AM, ebb,-5.9
2024-11-15 08:48 AM, slack,-
2024-11-15 11:30 AM, flood,5.7
2024-11-15 02:24 PM, slack,-
2024-11-15 05:24 PM, ebb,-8.5
2024-11-15 09:24 PM, slack,-
2024-11-16 12:48 AM, flood,6.0
2024-11-16 03:42 AM, slack,-
2024-11-16 06:42 AM, ebb,-5.9
2024-11-16 09:42 AM, slack,-
2024-11-16 12:18 PM, flood,5.5
2024-11-16 03:12 PM, slack,-
2024-11-16 06:12 PM, ebb,-8.6
2024-11-16 10:12 PM, slack,-
2024-11-17 01:42 AM, flood,6.3
2024-11-17 04:36 AM, slack,-
2024-11-17 07:48 AM, ebb,-5.9
2024-11-17 10:36 AM, slack,-
2024-11-17 01:06 PM, flood,4.9
2024-11-17 04:00 PM, slack,-
2024-11-17 07:00 PM, ebb,-8.3
2024-11-17 10:54 PM, slack,-
2024-11-18 02:36 AM, flood,6.4
2024-11-18 05:30 AM, slack,-
2024-11-18 08:42 AM, ebb,-5.9
2024-11-18 11:36 AM, slack,-
2024-11-18 02:00 PM, flood,4.2
2024-11-18 04:42 PM, slack,-
2024-11-18 07:48 PM, ebb,-7.8
2024-11-18 11:36 PM, slack,-
2024-11-19 03:18 AM, flood,6.2
2024-11-19 06:24 AM, slack,-
2024-11-19 09:36 AM, ebb,-5.8
2024-11-19 12:42 PM, slack,-
2024-11-19 02:54 PM, flood,3.5
2024-11-19 05:36 PM, slack,-
2024-11-19 08:30 PM, ebb,-6.9
2024-11-20 12:24 AM, slack,-
2024-11-20 03:54 AM, flood,5.7
2024-11-20 07:12 AM, slack,-
2024-11-20 10:36 AM, ebb,-5.6
2024-11-20 01:42 PM, slack,-
2024-11-20 03:48 PM, flood,2.8
2024-11-20 06:30 PM, slack,-
2024-11-20 09:18 PM, ebb,-5.7
2024-11-21 01:12 AM, slack,-
2024-11-21 04:30 AM, flood,4.9
2024-11-21 07:54 AM, slack,-
2024-11-21 11:36 AM, ebb,-5.3
2024-11-21 02:42 PM, slack,-
2024-11-21 05:06 PM, flood,2.3
2024-11-21 07:30 PM, slack,-
2024-11-21 10:06 PM, ebb,-4.4
2024-11-22 02:06 AM, slack,-
2024-11-22 05:36 AM, flood,4.0
2024-11-22 08:36 AM, slack,-
2024-11-22 12:30 PM, ebb,-5.1
2024-11-22 03:36 PM, slack,-
2024-11-22 06:36 PM, flood,2.2
2024-11-22 08:42 PM, slack,-
2024-11-22 11:24 PM, ebb,-3.4
2024-11-23 03:12 AM, slack,-
2024-11-23 06:36 AM, flood,3.2
2024-11-23 09:18 AM, slack,-
2024-11-23 01:18 PM, ebb,-4.8
2024-11-23 04:30 PM, slack,-
2024-11-23 07:48 PM, flood,2.5
2024-11-23 09:54 PM, slack,-
2024-11-24 01:36 AM, ebb,-3.2
2024-11-24 04:18 AM, slack,-
2024-11-24 07:42 AM, flood,2.7
2024-11-24 10:06 AM, slack,-
2024-11-24 02:00 PM, ebb,-4.7
2024-11-24 05:12 PM, slack,-
2024-11-24 08:48 PM, flood,2.9
2024-11-24 11:00 PM, slack,-
2024-11-25 02:48 AM, ebb,-3.6
2024-11-25 05:24 AM, slack,-
2024-11-25 08:42 AM, flood,2.7
2024-11-25 10:54 AM, slack,-
2024-11-25 02:36 PM, ebb,-4.7
2024-11-25 05:54 PM, slack,-
2024-11-25 09:42 PM, flood,3.3
2024-11-25 11:54 PM, slack,-
2024-11-26 03:36 AM, ebb,-4.1
2024-11-26 06:12 AM, slack,-
2024-11-26 09:24 AM, flood,3.0
2024-11-26 11:42 AM, slack,-
2024-11-26 02:54 PM, ebb,-5.0
2024-11-26 06:30 PM, slack,-
2024-11-26 10:18 PM, flood,3.7
2024-11-27 12:36 AM, slack,-
2024-11-27 04:18 AM, ebb,-4.5
2024-11-27 07:00 AM, slack,-
2024-11-27 09:48 AM, flood,3.5
2024-11-27 12:18 PM, slack,-
2024-11-27 03:18 PM, ebb,-5.5
2024-11-27 07:06 PM, slack,-
2024-11-27 10:48 PM, flood,4.0
2024-11-28 01:18 AM, slack,-
2024-11-28 04:54 AM, ebb,-4.8
2024-11-28 07:42 AM, slack,-
2024-11-28 10:18 AM, flood,4.0
2024-11-28 01:00 PM, slack,-
2024-11-28 03:48 PM, ebb,-6.2
2024-11-28 07:48 PM, slack,-
2024-11-28 10:54 PM, flood,4.4
2024-11-29 02:00 AM, slack,-
2024-11-29 05:24 AM, ebb,-4.9
2024-11-29 08:24 AM, slack,-
2024-11-29 10:48 AM, flood,4.3
2024-11-29 01:36 PM, slack,-
2024-11-29 04:30 PM, ebb,-6.9
2024-11-29 08:24 PM, slack,-
2024-11-29 11:12 PM, flood,5.0
2024-11-30 02:48 AM, slack,-
2024-11-30 05:54 AM, ebb,-5.0
2024-11-30 09:06 AM, slack,-
2024-11-30 11:24 AM, flood,4.3
2024-11-30 02:12 PM, slack,-
2024-11-30 05:06 PM, ebb,-7.5
2024-11-30 09:00 PM, slack,-
2024-11-30 11:48 PM, flood,5.7
2024-12-01 03:36 AM, slack,-
2024-12-01 06:36 AM, ebb,-5.1
2024-12-01 10:00 AM, slack,-
2024-12-01 12:06 PM, flood,3.9
2024-12-01 02:48 PM, slack,-
2024-12-01 05:48 PM, ebb,-7.8
2024-12-01 09:36 PM, slack,-
2024-12-02 12:24 AM, flood,6.3
2024-12-02 04:24 AM, slack,-
2024-12-02 07:24 AM, ebb,-5.2
2024-12-02 10:48 AM, slack,-
2024-12-02 12:54 PM, flood,3.5
2024-12-02 03:24 PM, slack,-
2024-12-02 06:30 PM, ebb,-7.8
2024-12-02 10:12 PM, slack,-
2024-12-03 01:12 AM, flood,6.8
2024-12-03 05:06 AM, slack,-
2024-12-03 08:00 AM, ebb,-5.4
2024-12-03 11:42 AM, slack,-
2024-12-03 01:42 PM, flood,3.0
2024-12-03 04:06 PM, slack,-
2024-12-03 07:18 PM, ebb,-7.6
2024-12-03 10:48 PM, slack,-
2024-12-04 01:54 AM, flood,7.0
2024-12-04 05:48 AM, slack,-
2024-12-04 08:36 AM, ebb,-5.6
2024-12-04 12:36 PM, slack,-
2024-12-04 02:30 PM, flood,2.7
2024-12-04 04:54 PM, slack,-
2024-12-04 08:00 PM, ebb,-7.1
2024-12-04 11:24 PM, slack,-
2024-12-05 02:36 AM, flood,6.9
2024-12-05 06:30 AM, slack,-
2024-12-05 09:12 AM, ebb,-5.8
2024-12-05 01:24 PM, slack,-
2024-12-05 03:18 PM, flood,2.5
2024-12-05 05:48 PM, slack,-
2024-12-05 08:48 PM, ebb,-6.3
2024-12-06 12:12 AM, slack,-
2024-12-06 03:18 AM, flood,6.3
2024-12-06 07:06 AM, slack,-
2024-12-06 09:48 AM, ebb,-5.8
2024-12-06 02:12 PM, slack,-
2024-12-06 04:06 PM, flood,2.4
2024-12-06 06:48 PM, slack,-
2024-12-06 09:42 PM, ebb,-5.4
2024-12-07 01:12 AM, slack,-
2024-12-07 04:06 AM, flood,5.5
2024-12-07 07:48 AM, slack,-
2024-12-07 10:36 AM, ebb,-5.7
2024-12-07 03:06 PM, slack,-
2024-12-07 05:06 PM, flood,2.5
2024-12-07 08:06 PM, slack,-
2024-12-07 10:48 PM, ebb,-4.5
2024-12-08 02:18 AM, slack,-
2024-12-08 05:06 AM, flood,4.7
2024-12-08 08:42 AM, slack,-
2024-12-08 11:36 AM, ebb,-5.6
2024-12-08 04:00 PM, slack,-
2024-12-08 06:18 PM, flood,2.7
2024-12-08 09:24 PM, slack,-
2024-12-09 12:00 AM, ebb,-4.1
2024-12-09 03:36 AM, slack,-
2024-12-09 06:12 AM, flood,4.3
2024-12-09 09:36 AM, slack,-
2024-12-09 12:36 PM, ebb,-5.9
2024-12-09 04:54 PM, slack,-
2024-12-09 07:54 PM, flood,3.2
2024-12-09 10:42 PM, slack,-
2024-12-10 01:24 AM, ebb,-4.2
2024-12-10 04:48 AM, slack,-
2024-12-10 07:24 AM, flood,4.3
2024-12-10 10:36 AM, slack,-
2024-12-10 01:36 PM, ebb,-6.4
2024-12-10 05:48 PM, slack,-
2024-12-10 09:30 PM, flood,4.0
2024-12-10 11:48 PM, slack,-
2024-12-11 02:48 AM, ebb,-4.6
2024-12-11 05:48 AM, slack,-
2024-12-11 08:30 AM, flood,4.7
2024-12-11 11:36 AM, slack,-
2024-12-11 02:36 PM, ebb,-7.1
2024-12-11 06:42 PM, slack,-
2024-12-11 10:24 PM, flood,4.9
2024-12-12 12:48 AM, slack,-
2024-12-12 03:54 AM, ebb,-5.2
2024-12-12 06:48 AM, slack,-
2024-12-12 09:36 AM, flood,5.1
2024-12-12 12:24 PM, slack,-
2024-12-12 03:30 PM, ebb,-7.8
2024-12-12 07:30 PM, slack,-
2024-12-12 11:12 PM, flood,5.7
2024-12-13 01:48 AM, slack,-
2024-12-13 04:54 AM, ebb,-5.6
2024-12-13 07:42 AM, slack,-
2024-12-13 10:24 AM, flood,5.4
2024-12-13 01:12 PM, slack,-
2024-12-13 04:18 PM, ebb,-8.4
2024-12-13 08:18 PM, slack,-
2024-12-13 11:54 PM, flood,6.3
2024-12-14 02:42 AM, slack,-
2024-12-14 05:48 AM, ebb,-5.8
2024-12-14 08:36 AM, slack,-
2024-12-14 11:12 AM, flood,5.3
2024-12-14 02:00 PM, slack,-
2024-12-14 05:06 PM, ebb,-8.6
2024-12-14 09:00 PM, slack,-
2024-12-15 12:42 AM, flood,6.7
2024-12-15 03:36 AM, slack,-
2024-12-15 06:42 AM, ebb,-6.0
2024-12-15 09:36 AM, slack,-
2024-12-15 12:06 PM, flood,4.8
2024-12-15 02:48 PM, slack,-
2024-12-15 05:48 PM, ebb,-8.3
2024-12-15 09:48 PM, slack,-
2024-12-16 01:30 AM, flood,6.9
2024-12-16 04:24 AM, slack,-
2024-12-16 07:42 AM, ebb,-6.2
2024-12-16 10:30 AM, slack,-
2024-12-16 12:54 PM, flood,4.2
2024-12-16 03:36 PM, slack,-
2024-12-16 06:36 PM, ebb,-7.8
2024-12-16 10:30 PM, slack,-
2024-12-17 02:12 AM, flood,6.7
2024-12-17 05:12 AM, slack,-
2024-12-17 08:30 AM, ebb,-6.3
2024-12-17 11:30 AM, slack,-
2024-12-17 01:54 PM, flood,3.7
2024-12-17 04:24 PM, slack,-
2024-12-17 07:24 PM, ebb,-6.9
2024-12-17 11:12 PM, slack,-
2024-12-18 02:48 AM, flood,6.2
2024-12-18 05:54 AM, slack,-
2024-12-18 09:18 AM, ebb,-6.2
2024-12-18 12:24 PM, slack,-
2024-12-18 02:48 PM, flood,3.3
2024-12-18 05:18 PM, slack,-
2024-12-18 08:12 PM, ebb,-6.0
2024-12-19 12:00 AM, slack,-
2024-12-19 03:12 AM, flood,5.4
2024-12-19 06:30 AM, slack,-
2024-12-19 09:54 AM, ebb,-5.8
2024-12-19 01:12 PM, slack,-
2024-12-19 03:30 PM, flood,2.9
2024-12-19 06:18 PM, slack,-
2024-12-19 09:00 PM, ebb,-5.0
2024-12-20 12:48 AM, slack,-
2024-12-20 03:42 AM, flood,4.5
2024-12-20 07:06 AM, slack,-
2024-12-20 10:24 AM, ebb,-5.2
2024-12-20 02:00 PM, slack,-
2024-12-20 04:18 PM, flood,2.6
2024-12-20 07:12 PM, slack,-
2024-12-20 09:48 PM, ebb,-4.1
2024-12-21 01:42 AM, slack,-
2024-12-21 04:18 AM, flood,3.5
2024-12-21 07:48 AM, slack,-
2024-12-21 10:48 AM, ebb,-4.6
2024-12-21 02:42 PM, slack,-
2024-12-21 05:12 PM, flood,2.4
2024-12-21 08:12 PM, slack,-
2024-12-21 10:48 PM, ebb,-3.3
2024-12-22 02:42 AM, slack,-
2024-12-22 05:06 AM, flood,2.8
2024-12-22 08:30 AM, slack,-
2024-12-22 11:24 AM, ebb,-4.2
2024-12-22 03:30 PM, slack,-
2024-12-22 06:54 PM, flood,2.2
2024-12-22 09:12 PM, slack,-
2024-12-23 01:06 AM, ebb,-3.2
2024-12-23 03:48 AM, slack,-
2024-12-23 06:12 AM, flood,2.5
2024-12-23 09:18 AM, slack,-
2024-12-23 12:12 PM, ebb,-4.1
2024-12-23 04:18 PM, slack,-
2024-12-23 08:00 PM, flood,2.3
2024-12-23 10:18 PM, slack,-
2024-12-24 02:12 AM, ebb,-3.4
2024-12-24 04:48 AM, slack,-
2024-12-24 07:06 AM, flood,2.6
2024-12-24 10:06 AM, slack,-
2024-12-24 01:00 PM, ebb,-4.4
2024-12-24 05:12 PM, slack,-
2024-12-24 09:06 PM, flood,2.6
2024-12-24 11:12 PM, slack,-
2024-12-25 03:06 AM, ebb,-3.8
2024-12-25 05:36 AM, slack,-
2024-12-25 08:06 AM, flood,3.0
2024-12-25 11:00 AM, slack,-
2024-12-25 01:48 PM, ebb,-4.9
2024-12-25 05:54 PM, slack,-
2024-12-25 09:54 PM, flood,3.2
2024-12-26 12:06 AM, slack,-
2024-12-26 03:54 AM, ebb,-4.2
2024-12-26 06:24 AM, slack,-
2024-12-26 08:54 AM, flood,3.4
2024-12-26 11:42 AM, slack,-
2024-12-26 02:30 PM, ebb,-5.7
2024-12-26 06:36 PM, slack,-
2024-12-26 10:24 PM, flood,3.9
2024-12-27 12:54 AM, slack,-
2024-12-27 04:30 AM, ebb,-4.6
2024-12-27 07:12 AM, slack,-
2024-12-27 09:42 AM, flood,3.8
2024-12-27 12:24 PM, slack,-
2024-12-27 03:12 PM, ebb,-6.5
2024-12-27 07:12 PM, slack,-
2024-12-27 10:36 PM, flood,4.7
2024-12-28 01:42 AM, slack,-
2024-12-28 05:06 AM, ebb,-4.9
2024-12-28 08:00 AM, slack,-
2024-12-28 10:24 AM, flood,3.9
2024-12-28 01:00 PM, slack,-
2024-12-28 03:54 PM, ebb,-7.2
2024-12-28 07:48 PM, slack,-
2024-12-28 10:54 PM, flood,5.6
2024-12-29 02:30 AM, slack,-
2024-12-29 05:42 AM, ebb,-5.1
2024-12-29 08:54 AM, slack,-
2024-12-29 11:00 AM, flood,3.7
2024-12-29 01:36 PM, slack,-
2024-12-29 04:36 PM, ebb,-7.6
2024-12-29 08:24 PM, slack,-
2024-12-29 11:24 PM, flood,6.4
2024-12-30 03:12 AM, slack,-
2024-12-30 06:18 AM, ebb,-5.4
2024-12-30 09:42 AM, slack,-
2024-12-30 11:48 AM, flood,3.4
2024-12-30 02:18 PM, slack,-
2024-12-30 05:18 PM, ebb,-7.7
2024-12-30 09:00 PM, slack,-
2024-12-31 12:00 AM, flood,6.9
2024-12-31 03:54 AM, slack,-
2024-12-31 06:54 AM, ebb,-5.7
2024-12-31 10:30 AM, slack,-
2024-12-31 12:30 PM, flood,3.2
2024-12-31 03:06 PM, slack,-
2024-12-31 06:06 PM, ebb,-7.5
2024-12-31 09:42 PM, slack,-
